NO：C25-6083,,,,义乌市佰世威厨具有限公司销售单,,,,,,,,,,,,,,,,,,
客户：C707-CG,,,,,,,,,,,,,销售日期：2026-03-15,,,,,,,,,
备用电话：,,,,,,,,,,,,,送货日期：,,,,,,,,,
送货地址：,,,,,,,,,,,,,,,,,,,,,,
"NO.
序号","DATE
订单日期","ORD NO.
销售单号","CUS NO.
客户货号","ITEM NO.
产品货号","PHOTO
图片1","PHOTO2
图片1","DES.
描述","CTN
总箱数","QTY
每箱数量","T.QTY
总数量","U/P
单价","AMOUNT
金额","L
长","W
宽","H
高","CBM
体积","G.W.
重量","T.T.CBM
总体积","T.T.KGS
总重量","CODE
条形码","REK
备注","W.H.
仓位"
1,2026-03-15,C25- 6083,,CPK-014,,,"Storage jar 3pcs/color box,unit:set
13*13*14cm",10,12,120,32,3840,54,39,43,0.09,20.9,0.91,209,6665202102637,,浦江仓
2,2026-03-15,C25- 6083,,BW20- 15/1C,,,"800ml tea pot 1pcs/color box;unit:pcs
16*7.5*10cm,43",10,24,240,12,2880,55,36,41,0.08,16.95,0.81,169.5,6665202051980,,浦江仓
3,2026-03-15,C25- 6083,,CZT09-01,,,"500ml tea pot 1pcs/color box 16*9.7*11cm,38
8g",10,36,360,12,4320,48,45,38,0.08,17.8,0.82,178,6665202018129,,浦江仓
4,2026-03-15,C25- 6083,,BW20- 11/1C,,,"550ml tea pot 1pcs/color box;unit:pcs
16*7.5*10cm,43",5,36,180,11,1980,51.5,47.5,40.8,0.10,19,0.50,95,6665202051942,,3仓
5,2026-03-15,C25- 6083,,GS2105-01,,,"2.7L Salad bowl 1pcs/color box,unit:pcs
bowl&wooden",5,8,40,28,1120,54,29,48,0.08,14,0.38,70,6663212112202,,浦江仓
6,2026-03-15,C25- 6083,,GS2105-03,,,"2.7L Salad bowl 1pcs/color box,unit:pcs
bowl&wooden",15,8,120,28,3360,53.5,29.5,49,0.08,14.5,1.16,217.5,6663212112776,,浦江仓
7,2026-03-15,C25- 6083,,BW20-58,,,"370ml  mug 12pcs/inner box;unit:pcs
8*8*9cm,364g",50,48,2400,3.8,9120,49.5,32,46,0.07,20.3,3.64,1015,6665202056541,,浦江仓
8,2026-03-15,C25- 6083,,BW20-136- 1,,,"10.6"" Plate 6pcs/inner box,unit:pcs
26.9*26.9*3cm,7",10,24,240,8,1920,36.5,30,29,0.03,18.3,0.32,183,6665202112322,,浦江仓
9,2026-03-15,C25- 6083,,BW20-55,,,"400ml  mug 12pcs/inner box;unit:pcs
8*8*9cm,316g",10,48,480,3.5,1680,48,29,47,0.07,18,0.65,180,6665202056510,,浦江仓
10,2026-03-15,C25- 6083,,CPK-057,,,"340ml Mug 24pcs/display box,unit:pcs
8.1*10cm",5,48,240,5.5,1320,35.5,32,44,0.05,16.35,0.25,81.75,6665202102095,,浦江仓
11,2026-03-15,C25- 6083,,WY34-02,,,"10.5""Dinner Plate 6pcs/inner box
,Unit:Pcs",5,18,90,12.5,1125,34,30.5,31,0.03,13.5,0.16,67.5,6912024130424,,浦江仓
12,2026-03-15,C25- 6083,,WY31-02,,,"10.5""Dinner Plate 6pcs/inner box
,Unit:Pcs",5,18,90,12.5,1125,32,31.5,32,0.03,12.5,0.16,62.5,6912024130226,,浦江仓
13,2026-03-15,C25- 6083,,WY31-05,,,"9""Serving Bowl 3pcs/inner box, Unit:Pcs
25*10cm",5,12,60,16,960,57,34.5,30,0.06,11.2,0.29,56,6912024130257,,浦江仓
14,2026-03-15,C25- 6083,,WY34-05,,,"9""Serving Bowl 3pcs/inner box, Unit:Pcs
25*10cm",5,12,60,16,960,54,34.5,27,0.05,11,0.25,55,6912024130455,,浦江仓
15,2026-03-15,C25- 6083,,ZHG3T-W,,,"3pcs Casserole Set
3 pcs color box
unit:set",20,4,80,42,3360,0,0,0,0.00,0,0.00,0,6912024153560,,浦江仓
16,2026-03-15,C25- 6083,,KFB250-W,,,"250ml Cup&Saucer 6+6
6+6/color box,",5,12,60,28,1680,58.5,32,44.5,0.08,27.9,0.42,139.5,6918881822632,,东阳仓
18,2026-03-15,C25- 6083,,DH4251,,,"Grater Unit:PCS 12.5*12.5*24.5c
m",10,48,480,12,5760,48,38.5,50.5,0.09,18,0.93,180,6900202506871,,浦江仓
19,2026-03-15,C25- 6083,,MO-012-20,,,"Sauce Pan without Lid Unit:PCS
20*93*2.5cm",10,6,60,39,2340,45,30.5,35.5,0.05,5.6,0.49,56,6667202130535,,浦江仓
20,2026-03-15,C25- 6083,,MO-012-18,,,"Sauce Pan without Lid Unit:PCS
18*85*2.5cm",10,6,60,35,2100,41.5,26.5,33,0.04,4.8,0.36,48,6667202130528,,浦江仓
21,2026-03-15,C25- 6083,,MO-012-16,,,"Sauce Pan without Lid Unit:PCS
16*75*2.5cm",5,6,30,29,870,37.5,25.5,27,0.03,4,0.13,20,6667202130511,,浦江仓
22,2026-03-15,C25- 6083,,C012-26,,,"Casserole Unit:PCS 26*11.0*2.5cm
Aluminum",10,6,60,69,4140,45,28,32,0.04,10.5,0.40,105,6667202130566,,东阳仓
23,2026-03-15,C25- 6083,,C012-24,,,"Casserole Unit:PCS 24*10.5*2.5cm
Aluminum",10,6,60,63,3780,53,39,40,0.08,11.2,0.83,112,6667202130559,,东阳仓
24,2026-03-15,C25- 6083,,C012-20,,,"Casserole Unit:PCS 20*93*2.5cm
Aluminum",10,6,60,53,3180,46.5,33,37,0.06,8.9,0.57,89,6667202130542,,东阳仓
25,2026-03-15,C25- 6083,,PL012-18,,,"Glass Lid Unit:PCS 18cm
Glass",5,12,60,11.5,690,40,20,34,0.03,5.2,0.14,26,6667202132027,,东阳仓
26,2026-03-15,C25- 6083,,HB01-02,,,"2pcs Tray Set 2pcs/set,unit:set Big:45*33*5
Small:40*30*5",10,10,100,28.8,2880,70,48,34,0.11,15.2,1.14,152,6665202116955,,浦江仓
27,2026-03-15,C25- 6083,,ZYB185,,,"Skillet Unit:PCS 25.5*5.0cm
10Inch",10,3,30,28.5,855,39,27.5,16,0.02,7.2,0.17,72,6667202126941,,浦江仓
28,2026-03-15,C25- 6083,,ZYB186,,,"Skillet Unit:PCS 30*5.8cm
12Inch",10,4,40,41,1640,42,32,16.5,0.02,13.5,0.22,135,6667202126958,,浦江仓
,,,,,,,,,,,,,,,,,,,,,,
,,,,,,,,,,,,,,,,,,,,,,
,,,,,,,,,,,,,,,,,,,,,,
,,,,,,,,,,,,,,,,,,,,,,
,,,,,,,,,,,,,,,,,,,,,,
91,2026-03-15,C25- 6083,,SS48-03,,,garlic press 12.7cm 304# s.s.,5,18,90,37.5,3375,43,43,52.5,0.10,34,0.49,170,6912024133463,,浦江仓
92,2026-03-15,C25- 6083,,SS48-02,,,garlic press 10cm 304# s.s.,5,24,120,29.5,3540,59.5,43,35.5,0.09,33.25,0.45,166.3,6912024133456,,浦江仓
93,2026-03-15,C25- 6083,,DZ125-1,,,"Dinner Knife 6pcs 25set/inner box
22.5cm 55g",2,100,200,10.9,2180,0,0,0,0.00,0,0.00,0,6667202133697,,浦江仓
94,2026-03-15,C25- 6083,,DZ125-3,,,"Dinner Fork 6pcs 25set/inner box
20.8cm 35g",2,100,200,7.6,1520,0,0,0,0.00,0,0.00,0,6667202133710,,浦江仓
95,2026-03-15,C25- 6083,,DZ125-2,,,"Dinner Spoon 6pcs 25set/inner box
21.5cm 45g",2,100,200,7.6,1520,0,0,0,0.00,0,0.00,0,6667202133703,,浦江仓
96,2026-03-15,C25- 6083,,DZ125-4,,,"Dessert Spoon 6pcs 25set/inner box
15.7cm 20g",2,150,300,6.3,1890,0,0,0,0.00,0,0.00,0,6667202133727,,浦江仓
97,2026-03-15,C25- 6083,,DH4344,,,"Kitchen Tool Set 7pcs Unit:Set
Silicone",5,12,60,45.2,2712,63,47.5,43,0.13,15.5,0.64,77.5,6900202508332,,浦江仓
98,2026-03-15,C25- 6083,,LQP75,,,"7.5""dessert plate 6pcs/inner box,
Unit:Pcs",20,48,960,2.5,2400,42,21,22.5,0.02,12.6,0.40,252,6920240409163,,东阳仓
99,2026-03-15,C25- 6083,,LQP95,,,"9.5""dinner plate 6pcs/inner box,
Unit:Pcs
24.3*2cm",20,36,720,3.6,2592,36,26.5,28.5,0.03,14.5,0.54,290,6920240409156,,东阳仓
100,2026-03-15,C25- 6083,,LQP105,,,"10.5""large dinner plate 6pcs/inner box,
Unit:Pcs",50,36,1800,4.8,8640,37.5,29,29.5,0.03,17.64,1.60,882,6920240409149,,东阳仓
101,2026-03-15,C25- 6083,,LPKW70,,,"7""bowl 6pcs/inner box, Unit:Pcs
18*7.3cm",20,36,720,3.5,2520,51.5,38,21.5,0.04,14.2,0.84,284,6920240409125,,东阳仓
102,2026-03-15,C25- 6083,,LGCP105,,,"10.5""dinner plate 6pcs/inner box,
Unit:Pcs",50,36,1800,3.8,6840,39.5,29,29,0.03,17.5,1.66,875,6912024133302,,浦江仓
103,2026-03-15,C25- 6083,,LWENP105,,,"10.5""dinner plate 6pcs/inner box,
Unit:Pcs",50,36,1800,3.6,6480,35.5,28.5,28.5,0.03,17,1.44,850,6912024133357,,浦江仓
104,2026-03-15,C25- 6083,,LSQP100,,,"10""dinner plate pcs/inner box, Unit:Pcs
25*3cm",50,36,1800,3.5,6300,0,0,0,0.00,0,0.00,0,6912024151757,,浦江仓
105,2026-03-15,C25- 6083,,OUSTW60,,,"6""bowl 6pcs/inner box, Unit:Pcs
15*7.2cm",20,72,1440,3.2,4608,48.8,44,33,0.07,29.5,1.42,590,6912024133234,,浦江仓
106,2026-03-15,C25- 6083,,ZKW80,,,"8""Serving Bowl 6pcs/inner box,
Unit:Pcs
20x7.5cm",10,24,240,5,1200,52,44,23,0.05,13,0.53,130,6941602680501,,浦江仓
107,2026-03-15,C25- 6083,,LMLW90,,,"9""Serving Bowl 3pcs/inner box, Unit:Pcs
24*24*11CM",10,12,120,4.8,576,0,0,0,0.00,0,0.00,0,6912024153577,,浦江仓
108,2026-03-15,C25- 6083,,LBKP105,,,"10.5Dinner Plate 6pcs/inner box, Unit:Pcs
26.5x26.5x2.5cm",50,36,1800,5.2,9360,37.5,28,29.5,0.03,16.18,1.55,809,6188866879634,,浦江仓
109,2026-03-15,C25- 6083,,LBKP120,,,"12""Serving Plate 6pcs/inner box, Unit:Pcs
30.5x30x2.8cm",10,24,240,6.3,1512,33,27,33,0.03,15.9,0.29,159,6188866879641,,浦江仓
110,2026-03-15,C25- 6083,,ZHG3T-A,,,3pcs Casserole Set 1.0L+1.5L+2.5L,10,4,40,47,1880,47,38.5,29.4,0.05,16.22,0.53,162.2,6900210529121,,浦江仓
111,2026-03-15,C25- 6083,,BLXP105,,,"10.5""Dinner Plate 6pcs/inner box,
Unit:Pcs",10,36,360,4.9,1764,34.5,28.5,29,0.03,18.1,0.29,181,6948551720203,,浦江仓
112,2026-03-15,C25- 6083,,ZYB227,,,"Bread Box Unit:PCS 35.6*21.5*19.7c
m",5,4,20,46,920,46,37,46,0.08,10.7,0.39,53.5,6667202128785,,浦江仓
113,2026-03-15,C25- 6083,,ZYB226,,,"Square Bread Box
Unit:PCS
35.6*21.8*20cm",5,4,20,46,920,50,37,46,0.09,10.7,0.43,53.5,6667202128778,,浦江仓
114,2026-03-15,C25- 6083,,ZYB225,,,"Bread Box- White Unit:PCS
35.5*21.5*20.5c",5,4,20,46,920,45,36,47,0.08,7,0.38,35,6667202128761,,浦江仓
115,2026-03-15,C25- 6083,,ZYB224,,,"Bread Box-Black Unit:PCS 35.5*21.5*20.5c
m",5,4,20,46,920,45,36,47,0.08,7,0.38,35,6667202128754,,浦江仓
116,2026-03-15,C25- 6083,,SD-033,,,"Glass Juice Jar set
3pcs/color box
Unit:set",5,6,30,19.5,585,50.6,37,34,0.06,10.6,0.32,53,6902023000330,,东阳仓
117,2026-03-15,C25- 6083,,1988-138,,,"glass cake plate 2 pcs/color box,Unit:Box
plate :",20,2,40,52,2080,66,33,36.5,0.08,22,1.59,440,6919882401383,4-2,东阳仓
118,2026-03-15,C25- 6083,,CB-279,,,"Glass storage jar 1pcs/color box, Unit:Pcs
8.9*36.4*12cm",5,6,30,30,900,0,0,0,0.00,0,0.00,0,6912024154178,,浦江仓
119,2026-03-15,C25- 6083,,SD-080,,,"4 pcs glass snack set color box
Unit:set",5,8,40,32,1280,54.5,31,42,0.07,0,0.35,0,6912024153362,,东阳仓
120,2026-03-15,C25- 6083,,CB-254,,,"Glass waterJug 1pcs/color
box,Unit:pcs
8.8*15.8*24cm",5,12,60,9.6,576,45,44,26.5,0.05,10.2,0.26,51,6912024150927,,浦江仓
121,2026-03-15,C25- 6083,,XF5T-06,,,"5pcs Tea Pot Set 1 set/color box Unit:set
pot:1475ml*1pc",5,8,40,22,880,45,40,57,0.10,9,0.51,45,6912024146005,,浦江仓
,,,,,,,,,,,,,,,,,,,,,,
,,,,,,,,,,,,,,,,,,,,,,
,,,,,,,,,,,,,,,,,,,,,,
,,,,,,,,,,,,,,,,,,,,,,
,,,,,,,,,,,,,,,,,,,,,,
,,,,,,,,,,,,,,,,,,,,,,
,,,,,,,,,,,,,,,,,,,,,,
,,,,,,,,,,,,,,,,,,,,,,
,,,,,,,,,,,,,,,,,,,,,,
153,2026-03-15,C25- 6083,,DH3646- BLACK,,,"Bread knife 8"" 12pcs/inner box,unit:pcs
33cm",2,72,144,6,864,40,36,29.5,0.04,10,0.08,20,6900202305276,,浦江仓
TOTAL：,,,,,,,,1587,,36839,,372377.1,,,,,,87.57,"21,772.49",,,
,,,,,,,,CTN,,PCS,,Amount,,,,,,CBM,KGS,,,
,,,,,,,,,,,,,,,,,,,,,,
29,2026-03-15,C25- 6083,,0801-1,,,"13""Bakeware 6pcs/display box,unit:pcs
33.5*23.5*7.5cm",10,6,60,20,1200,48.5,35,26.5,0.04,14,0.45,140,6812505600067,,浦江仓
30,2026-03-15,C25- 6083,,"1030-
8/9744-1",,,"12""Bakeware 6pcs/display
box,unit:pcs
33.5*24*7cm",10,6,60,19,1140,48,35,27,0.05,14,0.45,140,6812505600388,,浦江仓
31,2026-03-15,C25- 6083,,0801-3,,,"9.8""Bakeware 6pcs/display box,unit:pcs
25*17*6.5cm",5,6,30,12,360,42,26,19,0.02,6.8,0.10,34,6812505600081,,浦江仓
32,2026-03-15,C25- 6083,,"1030-
6/9744-3",,,"9.8""Bakeware 6pcs/display box,unit:pcs
25*17*6cm",5,6,30,11,330,41.5,27,20,0.02,8,0.11,40,6812505600371,,浦江仓
33,2026-03-15,C25- 6083,,W-KP3,,,"13""Bakeware 6pcs/display box,unit:pcs
32*20.3*5.8cm",15,6,90,19,1710,41,33,23,0.03,9.05,0.47,135.8,6665202018853,,浦江仓
34,2026-03-15,C25- 6083,,W-KP2,,,"11""Bakeware 6pcs/display box,unit:pcs
28*17.5*5.8cm",12,6,72,13,936,41.5,29.5,20,0.02,6.8,0.29,81.6,6665202018846,,浦江仓
35,2026-03-15,C25- 6083,,W-KP1,,,"10""Bakeware 6pcs/display box,unit:pcs
24*16*5.8cm，",5,6,30,9,270,18,25,41.5,0.02,6.6,0.09,33,6665202018839,,浦江仓
36,2026-03-15,C25- 6083,,DH4302- GREY,,,"Cake Mould Unit:PCS 26*26*5cm
Silicone",5,24,120,8.3,996,53,29,32,0.05,7,0.25,35,6900202507410,,浦江仓
37,2026-03-15,C25- 6083,,DH4326- GREY,,,"Cake Mould Unit:PCS
29*29*5.5cm
Silicone",5,48,240,7.8,1872,63,53,39,0.13,12,0.65,60,6900202507700,,浦江仓
38,2026-03-15,C25- 6083,,DHB166,,,"Roast chicken platter with grill pan
UNIT:PCS",8,12,96,31,2976,44,41,60,0.11,0,0.87,0,6667202133079,18-12,浦江仓
39,2026-03-15,C25- 6083,,KP003,,,"1.8L Baking Pan 29.5*18.1*5.1cm
color card,910g
,unit:Pcs",5,12,60,9.2,552,33.5,31,39,0.04,11.4,0.20,57,6920220314036,,东阳仓
40,2026-03-15,C25- 6083,,KP004,,,"2.2L Baking Pan 34.4*20.2*5.1cm
color
card,1260g",10,12,120,12.8,1536,42,36,34.5,0.05,16.4,0.52,164,6920220314043,,东阳仓
41,2026-03-15,C25- 6083,,KP006,,,"3L  Baking Pan 39.3*23.6*5.2cm
color
card,1670g",10,12,120,19.8,2376,49,40,37,0.07,17.8,0.73,178,6920220314067,,浦江仓
42,2026-03-15,C25- 6083,,KP009,,,"3L Baking Pan 35*24.2*6.5cm color
card,1360g",10,12,120,13,1560,50,35.5,43.5,0.08,17.6,0.77,176,6920220314098,,浦江仓
43,2026-03-15,C25- 6083,,KP008,,,"2.4L Baking Pan 30.3*21.3*6.5cm
color card,
1090g ,unit:Pcs",10,12,120,10.5,1260,43,32,42.5,0.06,7,0.58,70,6920220314081,,东阳仓
44,2026-03-15,C25- 6083,,KP007,,,"1.6L Baking Pan 25.8*17.9*6cm
color card, 775g
,unit:Pcs",5,12,60,7.8,468,37.5,27,40,0.04,10.5,0.20,52.5,6920220314074,,东阳仓
45,2026-03-15,C25- 6083,,GC01-28,,,"2800ml Glass Casserole 31*21.5*7.8cm
1980g",20,12,240,23.2,5568,65,46.5,33,0.10,25.45,1.99,509,6912024138116,,浦江仓
46,2026-03-15,C25- 6083,,CPK-060,,,"Seasoning jar 7pcs/set
:unit:set
jar:10*7cm",5,12,60,24,1440,53.5,36.5,30.5,0.06,17.1,0.30,85.5,6665202102125,,浦江仓
47,2026-03-15,C25- 6083,,BW20-72,,,"3.75''sugar container 6pcs/inner
box;unit:pcs",3,108,324,3.8,1231.2,58,33,26,0.05,18.7,0.15,56.1,6665202056688,,浦江仓
48,2026-03-15,C25- 6083,,SE-030,,,"4.25"" Cake bowl 24pcs/display box, unit:pcs
11*5.4cm,235g",5,72,360,2,720,48,36,36,0.06,18.8,0.31,94,6665202118058,,浦江仓
49,2026-03-15,C25- 6083,,CPK-020,,,"3.5""bowl 24pcs/display box
9.2*5cm 230ml",5,96,480,1.5,720,41,32,47,0.06,17,0.31,85,6665202102613,,浦江仓
50,2026-03-15,C25- 6083,,DB71-05,,,"86ml Cake bowl 5pcs set 1set/display
box,unit:pcs",5,36,180,5.5,990,52,42,28.5,0.06,19,0.31,95,6665202067998,,3仓
51,2026-03-15,C25- 6083,,BW20-42,,,"9“Bowl 3pcs/inner
box;unit:pcs
23*23*6.5cm,62",5,24,120,7.2,864,48,46,25,0.06,17.4,0.28,87,6665202056381,,浦江仓
52,2026-03-15,C25- 6083,,BWT30-18,,,"6Pcs Set Soup Pot 2.5L+1.5L+1L
21*17*7cm，",50,6,300,38,11400,39.5,24.5,49,0.05,24,2.37,1200,6665202119956,,浦江仓
53,2026-03-15,C25- 6083,,NB008-12,,,"10""dinner plate 6pcs/inner box,unit:pcs
25*25*3cm",9,18,162,13.5,2187,37.7,28.5,29,0.03,15,0.28,135,6665202049239,,3仓
54,2026-03-15,C25- 6083,,NB005-12,,,"10""dinner plate 6pcs/inner box,unit:pcs
25*25*3cm",10,18,180,13.5,2430,38,28.5,29.5,0.03,15,0.32,150,6665202049024,,3仓
55,2026-03-15,C25- 6083,,XF01-01,,,"Tea Pot 1pcs/color box Unit:pcs
450ml",20,24,480,9.5,4560,41.5,40,27.5,0.05,9.5,0.91,190,6912024146029,,浦江仓
56,2026-03-15,C25- 6083,,CB-182,,,"glass ice bucket 1pcs/color box unit:pcs
Glass+wooden",5,12,60,32,1920,54,36,50,0.10,19,0.49,95,6912024140737,,东阳仓
57,2026-03-15,C25- 6083,,CRY80,,,"glass cup 2pcs/color box Unit:Set
8.8*7.6*5cm",5,12,60,16,960,41,31,22,0.03,7.9,0.14,39.5,6912024148542,,浦江仓
58,2026-03-15,C25- 6083,,SD-059,,,"3 pcs canister set
color box
Unit:set",10,8,80,33,2640,52.4,36,38.9,0.07,0,0.73,0,6912024153157,,浦江仓
59,2026-03-15,C25- 6083,,SD-054,,,"3 pcs canister set
color box
Unit:set",5,8,40,28,1120,46,31.2,36.5,0.05,11,0.26,55,6912024153102,,浦江仓
,,,,,,,,,,,,,,,,,,,,,,
,,,,,,,,,,,,,,,,,,,,,,
,,,,,,,,,,,,,,,,,,,,,,
60,2026-03-15,C25- 6083,,T01-07,,,"450ml Mug 12pcs/egg packing;unit:pcs
φ9*10.5cm,402g",10,48,480,4.5,2160,41.3,28,44.3,0.05,20.1,0.51,201,6665202059979,,浦江仓
61,2026-03-15,C25- 6083,,1966-08,,,"1000ml Glass bottle
12pcs/display
box",5,24,120,4.6,552,56.5,38.5,35,0.08,14,0.38,70,6919660251087,,东阳仓
62,2026-03-15,C25- 6083,,1966-03,,,"1000ml Glass bottle 12pcs/display
box",5,24,120,4.6,552,58.8,39.5,35,0.08,15,0.41,75,6919660251032,,东阳仓
63,2026-03-15,C25- 6083,,1966-102,,,"1000ml Glass bottle 12pcs/display
box",5,24,120,4.6,552,55.5,35.5,32,0.06,16,0.32,80,6912024138741,,东阳仓
64,2026-03-15,C25- 6083,,XF025,,,"Glass bottle 1pcs/clour box unit:pcs
7*27cm 870ml",5,24,120,10.5,1260,44,34,59,0.09,15,0.44,75,6920241020015,,浦江仓
65,2026-03-15,C25- 6083,,BW023-1,,,"10.5""Square plate 6pcs/inner
box;unit:pcs",1,24,24,7.2,172.8,44,29.5,30,0.04,24,0.04,24,6665202063617,,浦江仓
66,2026-03-15,C25- 6083,,SB1995-36,,,"34*23.5*2cm
1184g",10,18,180,8.5,1530,37,28,26,0.03,20.5,0.27,205,6667202118984,,浦江仓
67,2026-03-15,C25- 6083,,"MF- CY55M2-
Black-BS",,,"5L/4.08L Air
Fryer 1pcs/color box,
Unit:pcs",10,2,20,163,3260,64.5,41.5,39.5,0.11,11.5,1.06,115,6952020105354,,浦江仓
68,2026-03-15,C25- 6083,,"MF- TN55M2-
White-BS",,,"5L/4.08L Air
Fryer 1pcs/color box,
Unit:pcs",30,2,60,133,7980,64.5,41.5,38.5,0.10,11.5,3.09,345,6952020105583,,浦江仓
69,2026-03-15,C25- 6083,,"MJ- BL6015W1-
BS",,,"1.5L Blender 1pcs/color box, Unit:pcs
220-240V/50-",30,2,60,99,5940,45,23,44,0.05,4.8,1.37,144,6952020105323,,浦江仓
70,2026-03-15,C25- 6083,,VF013C,,,"Vacuum Jug- 1.3L
Color
box,Unit:PCS",10,12,120,47,5640,0,0,0,0.00,0,0.00,0,6667202133529,,浦江仓
71,2026-03-15,C25- 6083,,VF012C,,,"Vacuum Jug- 1.3L
Color
box,Unit:PCS",10,12,120,47,5640,0,0,0,0.00,0,0.00,0,6667202133499,,浦江仓
72,2026-03-15,C25- 6083,,VF010B,,,"Vacuum Jug-1L Unit:PCS 9*10.5*20cm
S.S. 201",5,12,60,35,2100,52,39.5,25,0.05,6.2,0.26,31,6667202132744,,浦江仓
73,2026-03-15,C25- 6083,,VF010A,,,"Vacuum Jug- 0.6L
Unit:PCS
9*10*14.6cm",5,12,60,31,1860,52,39.5,20,0.04,5.2,0.21,26,6667202132737,,浦江仓
74,2026-03-15,C25- 6083,,VF010C,,,"Vacuum Jug- 1.5L
Unit:PCS
9*10.5*26cm",5,12,60,38,2280,52,39.5,30.8,0.06,7.2,0.32,36,6667202132751,,浦江仓
75,2026-03-15,C25- 6083,,VF011B,,,"Vacuum Jug-1L Black
Rose Glass Liner
Color",3,12,36,31,1116,69.5,53,29.5,0.11,12,0.33,36,6667202133468,,浦江仓
76,2026-03-15,C25- 6083,,VF011W,,,"Vacuum Jug-1L White
Rose Glass Liner
Color",3,12,36,31,1116,69.5,53,29.5,0.11,12,0.33,36,6667202133444,,浦江仓
77,2026-03-15,C25- 6083,,IB-05B,,,"Ironing board 1100*340*830
mm
3.4kg",10,6,60,83,4980,126,34,35,0.15,23,1.50,230,6665202109407,,浦江仓
78,2026-03-15,C25- 6083,,IB-02,,,"Ironing board 1100*300*800m
m
3.4kg",10,6,60,77,4620,126,40,31,0.16,23,1.56,230,6920240404021,,东阳仓
79,2026-03-15,C25- 6083,,IB-03,,,"Ironing board 1385*360*820m
m
5kg",10,4,40,122,4880,140,30,44,0.18,22,1.85,220,6920240404038,,东阳仓
80,2026-03-15,C25- 6083,,2501-115,,,"Coffee Cup 600ML
Unit:PCS
S.S.304+PP",10,18,180,25,4500,59.5,33,22,0.04,6.2,0.43,62,6667202129027,,东阳仓
81,2026-03-15,C25- 6083,,VF014C,,,"Vacuum Jug- 1.3L
Color
box,Unit:PCS",5,12,60,47,2820,0,0,0,0.00,0,0.00,0,6667202133550,,浦江仓
82,2026-03-15,C25- 6083,,CPK-051,,,"3-Tier cake tray 4pcs/color
box,unit:set
stand:47.3*22.5*",10,2,20,100,2000,59,28,26,0.04,10,0.43,100,6665202102033,,浦江仓
83,2026-03-15,C25- 6083,,BW20- 109/6C,,,"250ml cup&saucer 6pcs/inner
box;unit:pcs",10,8,80,33,2640,57,30,29,0.05,20.384,0.50,203.8,6665202101616,,浦江仓
84,2026-03-15,C25- 6083,,BW20- 121/6C,,,"90ml cup&saucer
6 cup &6 saucer
/color",5,12,60,25,1500,50,38,24,0.05,17.2,0.23,86,6665202112162,,浦江仓
85,2026-03-15,C25- 6083,,BW20-123,,,"300ml mug 12pcs/display box, Unit:pcs
11*8*9 cm,343g",20,48,960,3.8,3648,47.5,28,41,0.05,18.56,1.09,371.2,6665202112186,,3仓
86,2026-03-15,C25- 6083,,CPK-054,,,"480ml Mug 18pcs/Display box,unit:pcs
9*10.1cm 355g",20,36,720,3.9,2808,44,31,39,0.05,15,1.06,300,6665202102064,,浦江仓
87,2026-03-15,C25- 6083,,CPK-019,,,"3L Ceramic casserole 1set/color
box,unit:set(2pc",10,6,60,28,1680,50.5,40.5,28.5,0.06,15,0.58,150,6665202101968,,浦江仓
88,2026-03-15,C25- 6083,,MUG 2012#-1,,,"400ml Mug  egg packing;unit:pcs
φ",10,48,480,3.8,1824,39.8,28,44.7,0.05,15.2,0.50,152,6665202089051,,浦江仓
89,2026-03-15,C25- 6083,,MUG 2012#-2,,,"350ml Mug egg
packing;unit:pcs
φ",10,48,480,3.8,1824,41,27.5,41.5,0.05,15.74,0.47,157.4,6665202089075,,浦江仓
90,2026-03-15,C25- 6083,,SS48-04,,,garlic press 15cm 304# s.s.,5,12,60,44.5,2670,51,41,38.5,0.08,31,0.40,155,6912024133470,,浦江仓
,,,,,,,,,,,,,,,,,,,,,,
,,,,,,,,,,,,,,,,,,,,,,
,,,,,,,,,,,,,,,,,,,,,,
,,,,,,,,,,,,,,,,,,,,,,
,,,,,,,,,,,,,,,,,,,,,,
,,,,,,,,,,,,,,,,,,,,,,
,,,,,,,,,,,,,,,,,,,,,,
122,2026-03-15,C25- 6083,,CB-123,,,"Glass cup 2pcs/color box
,Unit:Box
6.4*25.2*7cm",5,12,60,24,1440,52,36.8,30.7,0.06,5.3,0.29,26.5,6663212163235,,浦江仓
123,2026-03-15,C25- 6083,,CB-122,,,"Glass cup 2pcs/color box
,Unit:Box
9.2*21.4*7.4cm",5,12,60,25,1500,41,31.5,47.5,0.06,6,0.31,30,6663212163228,,浦江仓
124,2026-03-15,C25- 6083,,CB-125,,,"Glass cup 2pcs/color box
,Unit:Box
8.4*12.1*5cm",5,12,60,21,1260,30.5,37.5,29,0.03,7.3,0.17,36.5,6663212163259,,浦江仓
125,2026-03-15,C25- 6083,,CB-248,,,"Storage jar TEA/COFFEE/SU
GER mix
1pcs/brown",5,12,60,48,2880,0,0,0,0.00,0,0.00,0,6912024150866,,浦江仓
126,2026-03-15,C25- 6083,,CB-247,,,"Storage jar TEA/COFFEE/SU
GER mix
1pcs/brown",5,12,60,40,2400,0,0,0,0.00,0,0.00,0,6912024150859,,浦江仓
127,2026-03-15,C25- 6083,,1988-73,,,"Glass storage jar 3pcs/color box
,Unit:set
750ml",10,8,80,29,2320,46,34,29,0.05,8.05,0.45,80.5,6919880715031,,东阳仓
128,2026-03-15,C25- 6083,,1966-73,,,"Glass storage jar 3pcs/color box
,Unit:set
750ml",5,8,40,29,1160,44,39,28,0.05,10,0.24,50,6923814966734,,浦江仓
129,2026-03-15,C25- 6083,,1966-72,,,"Glass storage jar 3pcs/color box
,Unit:set
750ml",5,8,40,29,1160,46,34,29,0.05,9,0.23,45,6923814966727,,浦江仓
130,2026-03-15,C25- 6083,,1966-114,,,"1400ml Glass storage jar
Egg packing
Unit:pcs",15,24,360,10.2,3672,43,32,47,0.06,11.3,0.97,169.5,6912024149952,,东阳仓
131,2026-03-15,C25- 6083,,1966-113,,,"1000ml Glass storage jar Egg packing
Unit:pcs",10,36,360,9.2,3312,62.5,36,32,0.07,13.5,0.72,135,6912024149945,,东阳仓
132,2026-03-15,C25- 6083,,1966-112,,,"700ml Glass storage jar Egg packing
Unit:pcs",5,48,240,8.9,2136,43,43,39.5,0.07,14,0.37,70,6912024149938,,浦江仓
133,2026-03-15,C25- 6083,,1966-74S,,,"1900ml storage jar
with spoon
Unit:pcs",15,24,360,12,4320,44,40.5,51,0.09,14,1.36,210,6912024132558,,浦江仓
134,2026-03-15,C25- 6083,,1966-75S,,,"1400ml storage jar
with spoon
Unit:pcs",10,36,360,11.5,4140,44.5,40.5,58,0.10,16.5,1.05,165,6912024132541,,浦江仓
135,2026-03-15,C25- 6083,,1966-76S,,,"1100ml storage jar
with spoon
Unit:pcs",5,36,180,11,1980,44.5,40,48,0.09,14.5,0.43,72.5,6912024132534,,浦江仓
136,2026-03-15,C25- 6083,,SD-042,,,"3.1L Drinks Dispense 8set/color box
Unit:set",5,2,10,68,680,39.3,37.3,44,0.06,13.5,0.32,67.5,6912024152983,,东阳仓
137,2026-03-15,C25- 6083,,BW008-3,,,"8""dessert plate 6pcs/inner
box;unit:pcs
20*20cm,469g",10,48,480,4.2,2016,45.5,33,23.7,0.04,22,0.36,220,6665202015494,,浦江仓
138,2026-03-15,C25- 6083,,BW008-1,,,"10""dinner plate 6pcs/inner box;unit:pcs
25*25cm,912g",16,24,384,7.2,2764.8,36,29,30,0.03,19,0.50,304,6665202015470,,浦江仓
139,2026-03-15,C25- 6083,,BW008-7,,,"160ml cup&saucer 6set/color
box;unit:set",10,8,80,39,3120,60,38,28,0.06,21,0.64,210,6665202071322,,东阳仓
140,2026-03-15,C25- 6083,,BW20-120,,,"350ml mug 12pcs/inner box, Unit:pcs
11*8.4*10.5cm,3",10,48,480,3.8,1824,47,28,45,0.06,17.6,0.59,176,6665202112155,,3仓
141,2026-03-15,C25- 6083,,"MF- TN55M2-
Black-BS",,,"5L/4.08L Air
Fryer 1pcs/color box,
Unit:pcs",20,2,40,137,5480,64,41.5,38.5,0.10,11.5,2.05,230,6952020105347,,浦江仓
142,2026-03-15,C25- 6083,,2501-148,,,"Vacuum Cup 500ml Black Unit:PCS
8.8*17cm,312g",5,25,125,29.9,3737.5,48,48,18.5,0.04,10.5,0.21,52.5,6667202134427,,浦江仓
143,2026-03-15,C25- 6083,,LR-009H,,,"Drying rack
·18m total drying space
1565*620*2000",10,4,40,81.4,3256,111,35,65.5,0.25,17,2.54,170,6665202102354,,浦江仓
144,2026-03-15,C25- 6083,,LJT12-30-1,,,"30LTrash Can Egg
packing;Unit:PC
S",20,1,20,84.5,1690,33,32,67.5,0.07,3.78,1.43,75.6,6720220701887,,浦江仓
145,2026-03-15,C25- 6083,,LJT12-12-1,,,"12LTrash Can Egg packing;Unit:PC
S",10,4,40,47.4,1896,57.5,55,43.5,0.14,8,1.38,80,6720220701870,,东阳仓
146,2026-03-15,C25- 6083,,T01-42,,,"400ml Mug 12pcs/egg packing;unit:pcs
φ",10,48,480,4.3,2064,41.1,27.5,47,0.05,17.6,0.53,176,6665202060326,,浦江仓
147,2026-03-15,C25- 6083,,DH3661- BLACK,,,"Knife Set 3pcs 6set/inner box,Unit:SET
24cm",5,24,120,16,1920,46,36,27,0.04,16,0.22,80,6900202305429,,浦江仓
148,2026-03-15,C25- 6083,,DH3773- GREY,,,"Knife Set 3PCS 12set/inner box,Unit:SET
33.5cm,24cm,20",5,48,240,10.8,2592,43,37.5,35.5,0.06,13,0.29,65,6900202507724,,浦江仓
149,2026-03-15,C25- 6083,,DH3659- BLACK,,,"Knife Set 3pcs 12set/inner box,Unit:SET
21cm;24.5cm;30",5,72,360,12.9,4644,42,39,41,0.07,14.4,0.34,72,6900202305405,,浦江仓
150,2026-03-15,C25- 6083,,DH3644- BLACK,,,"Chef knife 8"" 12pcs/inner box,unit:pcs
32cm",3,72,216,6.7,1447.2,40,30,36,0.04,11.7,0.13,35.1,6900202305252,,浦江仓
151,2026-03-15,C25- 6083,,DH3645- BLACK,,,"Carving knife 8"" 12pcs/inner
box,unit:pcs
32.5cm",3,72,216,6.2,1339.2,40,30,37,0.04,10.4,0.13,31.2,6900202305269,,浦江仓
152,2026-03-15,C25- 6083,,DH3649- BLACK,,,"Utility knife 5"" 24pcs/inner box,unit:pcs
23cm",1,144,144,4.1,590.4,50,31,28,0.04,9.5,0.04,9.5,6900202305306,,浦江仓
