MARKS,SHOP#,ITEM NO.,DESCRIPTION OF GOODS,PRODUCT NAME,PACKING,T.CTN,T.QTY,U.PRICE (RMB),T.AMOUNT
KM-129-1,鸿晨,1,lunch box,1.5L-2.5L-5L保温锅,12pcs/ctn,3.0,36.0,76.0,2736.0
KM-129-2,鸿晨,2,lunch box,2.5L-5L-8L保温锅,8pcs/ctn,2.0,16.0,92.0,1472.0
KM-129-3,鸿晨,3,Food steamer,28cm定时蒸锅,8pcs/ctn,3.0,24.0,75.0,1800.0
KM-129-4,鸿晨,4,Food steamer,32cm定时蒸锅,8pcs/ctn,3.0,24.0,90.0,2160.0
KM-129-5,鸿晨,5,Food flask,2L提锅,20pcs/ctn,2.0,40.0,62.0,2480.0
KM-129-6,鸿晨,6,Food flask,2.6L提锅,16pcs/ctn,3.0,48.0,70.0,3360.0
KM-129-7,鸿晨,7,Food flask,3.4L提锅,12pcs/ctn,3.0,36.0,79.0,2844.0
KM-129-8,鸿晨,8,lunch box,1300ML提柄便当盒,36pcs/ctn,2.0,72.0,25.5,1836.0
KM-129-9,鸿晨,9,Water kettle,10L水壶,12pcs/ctn,2.0,24.0,58.0,1392.0
KM-129-10,鸿晨,10,Water kettle,5L水壶,18pcs/ctn,2.0,36.0,35.0,1260.0
KM-129-11,鸿晨,11,Water kettle,6L水壶,18pcs/ctn,2.0,36.0,40.0,1440.0
KM-129-12,鸿晨,12,Water kettle,8L电水壶,6pcs/ctn,3.0,18.0,75.0,1350.0
KM-129-13,鸿晨,13,Cooler box,6L-10L-20L-40L-66L保温桶 蓝色2件 红色5件 棕色3件,1pcs/ctn,0.0,0.0,620.0,0.0
,,,,,,30CTNS,,,24130.0
