CLIENT DETAILS: NORREN (KM-1),CONTAINER NO: HPCU5380275
MARKS,SHOP#,ITEM NO.,DESCRIPTION OF GOODS,PRODUCT NAME,PACKING,T.CTN,T.QTY,H,W,L,UNIT CBM,T.CBM,UNIT WEIGHT,T.WEIGHT,U.PRICE (RMB),T.AMOUNT,BOX .NO
NEW ORDERS
KM-101-1,康达7,1,Dish Drying Rack,"WF-007D-3,  大号R形三层碗碟架哑光黑",8pcs/ctn,2,16,56,55,55,0.169,0.339,23.5,47.0,49.00,784.00,72-92
KM-101-2,康达7,2,Dish Drying Rack,"SX840,  三层碗碟架 金色",6pcs/ctn,2,12,61,47,56,0.161,0.321,16.5,33.0,87.00,1044.00,
KM-101-3,康达7,3,Cup Holder Rack,"KD203-016,  大号S杯架 黄金色",36pcs/ctn,1,36,38,60,60,0.137,0.137,14.0,14.0,10.00,360.00,
KM-101-4,康达7,4,Cup Holder Rack,"DS19238D,  S形杯架 银色",24pcs/ctn,1,24,60,30,44,0.079,0.079,9.5,9.5,10.50,252.00,
KM-101-5,康达7,5,Dish Drying Rack,"KD-6604AH,  方形3层碗架 黑色",6pcs/ctn,2,12,60,43,56,0.144,0.289,20.0,40.0,65.00,780.00,
KM-101-6,康达7,6,Dish Drying Rack,"JC-1602-2,  两层S形碗架 全亮点",10pcs/ctn,2,20,62,45,54,0.151,0.301,17.0,34.0,36.50,730.00,
KM-101-7,康达7,7,Dish Drying Rack,"DS-6587A2,  2层碗碟架 黑色",6pcs/ctn,2,12,54,46,57,0.142,0.283,15.5,31.0,47.00,564.00,
KM-101-8,康达7,8,Dish Drying Rack,"WF-009JD-3,  h形加大号3层碗碟架哑光黑",8pcs/ctn,2,16,56,56,59,0.185,0.370,22.5,45.0,49.00,784.00,
KM-101-9,康达7,9,Dish Drying Rack,"WDJ-70608-3SL,  B型朝上碗碟架*三层全套(小号)*不锈钢",6pcs/ctn,2,12,66,59,58,0.226,0.452,23.4,46.8,108.00,1296.00,
KM-101-10,康达7,10,Dish Drying Rack,"WDJ-70668-3SL,  三层碗碟架 本色 全套",6pcs/ctn,2,12,65,47,57,0.174,0.348,18.0,36.0,77.00,924.00,
KM-101-11,康达7,11,Cutlery Storage Organizer,"XH-116,  普通铁线架苹果孔筷筒套装",36pcs/ctn,1,36,65,73,48,0.228,0.228,25.0,25.0,14.00,504.00,
KM-101-12,康达7,12,Dish Drying Rack,"KD-6602A,  小号方形2层碗架 银色",6pcs/ctn,2,12,48,37,56,0.099,0.199,14.5,29.0,49.00,588.00,
KM-102-1,龙凤,1,Flasks,SS50HE,6pcs/ctn,2,12,63,43,48,0.130,0.260,15.6,31.2,80.00,960.00,152-165
KM-102-2,龙凤,2,Insulated Beverage Dispenser,IDG-1500SA2CTM,3pcs/ctn,5,15,78,46,46,0.165,0.825,13.4,67.0,165.00,2475.00,
KM-102-3,龙凤,3,Insulated Beverage Dispenser,IDB-1000SA2CTM,6pcs/ctn,2,12,75,54,40,0.162,0.324,13.2,26.4,72.00,864.00,
KM-102-4,龙凤,4,Flasks,SS30T,12pcs/ctn,3,36,64,48,37,0.114,0.341,15.2,45.6,39.00,1404.00,
KM-102-5,龙凤,5,Flasks,SS20KK,12pcs/ctn,2,24,60,45,32,0.086,0.173,10.5,21.0,32.00,768.00,
KM-103-1,邦达,1,Flasks,H57-2.5L,9pcs/ctn,2,18,42,61,61,0.156,0.313,19.5,39.0,114.00,2052.00,
KM-103-2,邦达,2,Flasks,H57-2.5L,9pcs/ctn,3,27,42,61,61,0.156,0.469,19.5,58.5,114.00,3078.00,
KM-104-1,赛达,1,Ceramic cups,SD90A-4,48pcs/ctn,30,1440,45,32,48,0.069,2.074,22.0,660.0,3.00,4320.00,101-151
KM-104-2,赛达,2,Ceramic cups,SD90C-4中450ml混色混图案,48pcs/ctn,10,480,48,46,30,0.066,0.662,21.5,215.0,3.20,1536.00,
KM-104-3,赛达,3,Ceramic cups,SD389-4,48pcs/ctn,3,144,47,42,30,0.059,0.178,19.0,57.0,3.20,460.80,
KM-104-4,赛达,4,Ceramic cups,SD260-4,36pcs/ctn,8,288,32,36,49,0.056,0.452,17.5,140.0,3.60,1036.80,
KM-105-1,明路,1,Ceramic Canister Set,SCT-637,18pcs/ctn,3,54,40,68,37,0.101,0.302,29.0,87.0,30.60,1652.40,
KM-105-2,明路,2,Ceramic Canister Set,XP051,12pcs/ctn,2,24,44,35,46,0.071,0.142,22.0,44.0,36.50,876.00,
KM-105-3,明路,3,Ceramic Canister Set,SCT-653,18pcs/ctn,2,36,40,36,38,0.055,0.109,26.0,52.0,31.00,1116.00,
KM-105-4,明路,4,Ceramic Canister Set,klp016,12pcs/ctn,2,24,48,36,47,0.081,0.162,27.0,54.0,36.50,876.00,
KM-106-1,家美,1,Ceramic cups,,24pcs/ctn,2,48,66,50,50,0.165,0.330,20.0,40.0,8.30,398.40,1-41
KM-106-2,家美,2,Ceramic cups,,48pcs/ctn,10,480,41,28,48,0.055,0.551,16.0,160.0,2.20,1056.00,
KM-106-3,家美,3,Ceramic cups,,48pcs/ctn,11,528,40,28,48,0.054,0.591,16.0,176.0,2.50,1320.00,
KM-106-4,家美,4,Ceramic cups,,72pcs/ctn,10,720,60,41,41,0.101,1.009,19.5,195.0,2.30,1656.00,
KM-106-5,家美,5,Ceramic cups,,72pcs/ctn,8,576,54,37,37,0.074,0.591,21.5,172.0,2.20,1267.20,
KM-107-1,唐派,1,Ceramic Teapot & Cup Set,8头新款旋转圆盘,6pcs/ctn,4,24,60,43,76,0.196,0.784,25.5,102.0,125.00,3000.00,185-204
KM-107-2,唐派,2,Ceramic Teapot & Cup Set,8头新款旋转圆盘,6pcs/ctn,4,24,60,43,76,0.196,0.784,25.5,102.0,125.00,3000.00,
KM-107-3,唐派,3,Ceramic Teapot & Cup Set,8头新款旋转圆盘,8pcs/ctn,2,16,70,45,71,0.224,0.447,26.0,52.0,115.00,1840.00,
KM-107-4,唐派,4,Ceramic Teapot & Cup Set,8头新款旋转圆盘,8pcs/ctn,2,16,70,45,71,0.224,0.447,26.0,52.0,115.00,1840.00,
KM-107-5,唐派,5,Ceramic Teapot & Cup Set,8头新款旋转圆盘,8pcs/ctn,2,16,81,43,77,0.268,0.536,36.0,72.0,120.00,1920.00,
KM-107-6,唐派,6,Ceramic Teapot & Cup Set,8头新款旋转圆盘,8pcs/ctn,2,16,81,43,77,0.268,0.536,34.0,68.0,110.00,1760.00,
KM-107-7,唐派,7,Ceramic Teapot & Cup Set,8头新款旋转圆盘,8pcs/ctn,2,16,82,44,77,0.278,0.556,34.0,68.0,105.00,1680.00,
KM-107-8,唐派,8,Ceramic Teapot & Cup Set,8头新款旋转圆盘,8pcs/ctn,2,16,82,44,71,0.256,0.512,34.0,68.0,105.00,1680.00,
KM-108-1,宏达,1,Cookware set,16/18/20水仙套锅,4pcs/ctn,2,8,58,50,30,0.087,0.174,17.0,34.0,123.00,984.00,264-275
KM-108-2,宏达,2,Cookware set,18/20/22水仙套锅,4pcs/ctn,2,8,52,56,33,0.096,0.192,19.8,39.6,133.00,1064.00,
KM-108-3,宏达,3,Cookware set,20/22/24水仙套锅,4pcs/ctn,2,8,52,58,33,0.100,0.199,22.8,45.6,145.00,1160.00,
KM-108-4,宏达,4,Cookware set,22/24/26水仙套锅,4pcs/ctn,2,8,63,35,55,0.121,0.243,27.0,54.0,158.00,1264.00,
KM-108-5,宏达,5,Cookware set,24/26/28水仙套锅,4pcs/ctn,2,8,40,66,56,0.148,0.296,31.4,62.8,172.00,1376.00,
KM-108-6,宏达,6,Cookware set,26/28/30水仙套锅,2pcs/ctn,2,4,72,40,30,0.086,0.173,18.2,36.4,192.00,768.00,
KM-109-1,鸿晨,1,Food flask,2L本色提锅,12pcs/ctn,1,12,50,33,55,0.091,0.091,21.0,21.0,58.00,696.00,224-238
KM-109-2,鸿晨,2,Food flask,2.8L本色提锅,12pcs/ctn,1,12,54,36,60,0.117,0.117,23.0,23.0,68.00,816.00,
KM-109-3,鸿晨,3,Food flask,3.6L本色提锅,9pcs/ctn,1,9,61,61,35,0.130,0.130,19.5,19.5,90.00,810.00,
KM-109-4,鸿晨,4,Food flask,2.8L彩色提锅,12pcs/ctn,1,12,55,36,60,0.119,0.119,23.0,23.0,73.00,876.00,
KM-109-5,鸿晨,5,Steel steamer,28cm定时二层蒸锅,8pcs/ctn,2,16,75,61,40,0.183,0.366,24.5,49.0,75.00,1200.00,
KM-109-6,鸿晨,6,Steel steamer,32cm定时二层蒸锅,8pcs/ctn,2,16,68,43,83,0.243,0.485,27.0,54.0,79.00,1264.00,
KM-109-7,鸿晨,7,Kettle,6L水壶,18pcs/ctn,2,36,80,60,50,0.240,0.480,21.7,43.4,39.00,1404.00,
KM-109-8,鸿晨,8,Kettle,4L水壶,18pcs/ctn,2,36,54,50,70,0.189,0.378,17.6,35.2,32.00,1152.00,
KM-109-9,鸿晨,9,Cooler boxes,6L-10L-20L-40L-66L保温桶 蓝色1件 红色1件 棕色1件,1pcs/ctn,3,3,51,51,45,0.117,0.351,17.5,52.5,620.00,1860.00,
KM-110-1,星珋,1,Cooking Stove,,4pcs/ctn,5,20,58,30,51,0.089,0.444,17.0,85.0,75.00,1500.00,205-223
KM-110-2,星珋,2,Cooking Stove,,4pcs/ctn,10,40,63,33,57,0.119,1.185,22.0,220.0,85.00,3400.00,
KM-110-3,星珋,3,Grill Net,,30pcs/ctn,2,60,72,33,47,0.112,0.223,27.5,55.0,14.50,870.00,
KM-110-4,星珋,4,Cast Iron Sizzling Plate,,10pcs/ctn,2,20,45,34,30,0.046,0.092,20.0,40.0,42.00,840.00,
KM-111-1,潮美,1,Casseroles,YJC-汤锅带勺,12pcs/ctn,2,24,56,40,50,0.112,0.224,25.0,50.0,29.50,708.00,344-355
KM-111-2,潮美,2,Casseroles,YJC-汤锅带勺,12pcs/ctn,2,24,56,40,50,0.112,0.224,25.0,50.0,29.50,708.00,
KM-111-3,潮美,3,Casseroles,YJC-汤锅带勺,12pcs/ctn,2,24,56,40,50,0.112,0.224,25.0,50.0,29.50,708.00,
KM-111-4,潮美,4,Casseroles,YJC-汤锅带勺,12pcs/ctn,2,24,56,40,50,0.112,0.224,25.0,50.0,29.50,708.00,
KM-111-5,潮美,5,Casseroles,YJC-汤锅带勺,12pcs/ctn,2,24,56,40,50,0.112,0.224,25.0,50.0,29.50,708.00,
KM-111-6,潮美,6,Casseroles,YJC-篱笆纹汤锅+大汤勺（加金）,12pcs/ctn,2,24,56,40,50,0.112,0.224,25.0,50.0,29.50,708.00,
KM-112-1,haohao,1,Plastic Serving Tray,85H-2404/5/6(3pcs长方木纹盘),20pcs/ctn,5,100,57,43,43,0.105,0.527,23.5,117.5,19.00,1900.00,239-263
KM-112-2,haohao,2,Plastic Serving Tray,85H-8998(18寸长方盘）,36pcs/ctn,5,180,47,35,17,0.028,0.140,19.5,97.5,9.30,1674.00,
KM-112-3,haohao,3,Plastic Serving Tray,85H-8998 （18寸木纹盘）,36pcs/ctn,5,180,47,36,18,0.030,0.152,20.0,100.0,9.50,1710.00,
KM-112-4,haohao,4,Plastic Serving Tray,85H-3188-18(中号全白盘),36pcs/ctn,5,180,30,30,47,0.042,0.212,19.5,97.5,8.50,1530.00,
KM-112-5,haohao,5,Plastic Serving Tray,85H-3190-20(大号全白盘),30pcs/ctn,5,150,34,53,27,0.049,0.243,23.5,117.5,12.00,1800.00,
KM-113-1,uakeen,1,Deep frying pan,10IN 1 Deep frying pan,6pcs/ctn,1,6,71,40,41,0.116,0.116,18.5,18.5,135.00,810.00,276-343
KM-113-2,uakeen,2,Deep frying pan,10IN 1 Deep frying pan,6pcs/ctn,1,6,71,40,41,0.116,0.116,18.5,18.5,135.00,810.00,
KM-113-3,uakeen,3,Cookware set,12PCS SET,1pcs/ctn,2,2,70,40,35,0.098,0.196,10.3,20.6,295.00,590.00,
KM-113-4,uakeen,4,Cookware set,12PCS SET,1pcs/ctn,2,2,70,40,35,0.098,0.196,10.3,20.6,295.00,590.00,
KM-113-5,uakeen,5,Cookware set,10PCS COOKWARE SET,2pcs/ctn,2,4,70,40,35,0.098,0.196,10.3,20.6,285.00,1140.00,
KM-113-6,uakeen,6,Cookware set,10PCS COOKWARE SET,2pcs/ctn,2,4,70,40,35,0.098,0.196,22.1,44.2,285.00,1140.00,
KM-113-7,uakeen,7,Cookware set,10PCS COOKWARE SET,2pcs/ctn,2,4,70,40,35,0.098,0.196,22.1,44.2,285.00,1140.00,
KM-113-8,uakeen,8,Cookware set,10PCS COOKWARE SET,2pcs/ctn,1,2,65,40,58,0.151,0.151,18.6,18.6,460.00,920.00,
KM-113-9,uakeen,9,Cookware set,10PCS COOKWARE SET,2pcs/ctn,1,2,65,40,58,0.151,0.151,18.6,18.6,460.00,920.00,
KM-113-10,uakeen,10,Cookware set,10PCS COOKWARE SET,2pcs/ctn,1,2,65,40,58,0.151,0.151,18.6,18.6,460.00,920.00,
KM-113-11,uakeen,11,Cookware set,10PCS COOKWARE SET,2pcs/ctn,1,2,65,40,58,0.151,0.151,18.6,18.6,460.00,920.00,
KM-113-12,uakeen,12,Cookware set,8PCS S/S SET,2pcs/ctn,2,4,67,37,40,0.099,0.198,19.7,39.4,310.00,1240.00,
KM-113-13,uakeen,13,Cookware set,19PCS SET,2pcs/ctn,2,4,67,42,37,0.104,0.208,19.5,39.0,255.00,1020.00,
KM-113-14,uakeen,14,Cookware set,11PCS SET,1pcs/ctn,4,4,60,41,38,0.093,0.374,30.9,123.6,385.00,1540.00,
KM-113-15,uakeen,15,Cookware set,11PCS SET,1pcs/ctn,2,2,60,41,38,0.093,0.187,31.0,62.0,388.00,776.00,
KM-113-16,uakeen,16,Cookware set,11PCS SET,1pcs/ctn,2,2,60,41,38,0.093,0.187,31.0,62.0,388.00,776.00,
KM-113-17,uakeen,17,Air fryer,AIR FRYER,1pcs/ctn,2,2,51,43,36,0.079,0.158,13.0,26.0,305.00,610.00,
KM-113-18,uakeen,18,Air fryer,DIGITAL AIR FRYER,1pcs/ctn,3,3,51,43,36,0.079,0.237,13.0,39.0,315.00,945.00,
KM-113-19,uakeen,19,Juice Extractor,SLOW JUICER,2pcs/ctn,2,4,52,40,45,0.094,0.187,11.0,22.0,238.00,952.00,
KM-113-20,uakeen,20,Coffee machine,COFFEE MACHINE,1pcs/ctn,4,4,42,42,52,0.092,0.367,12.3,49.2,1250.00,5000.00,
KM-113-21,uakeen,21,Coffee machine,COFFEE MACHINE,2pcs/ctn,2,4,55,36,42,0.083,0.166,10.6,21.2,395.00,1580.00,
KM-113-22,uakeen,22,Blender,BLENDER GRINDER,4pcs/ctn,2,8,83,46,35,0.134,0.267,21.3,42.6,205.00,1640.00,
KM-113-23,uakeen,23,Cookware set,11PCS SET,1pcs/ctn,2,2,65,35,22,0.050,0.100,9.0,18.0,440.00,880.00,
KM-113-24,uakeen,24,Cookware set,11PCS SET,1pcs/ctn,2,2,65,35,22,0.050,0.100,9.0,18.0,440.00,880.00,
KM-113-25,uakeen,25,Electric Steam Iron,STEAM STATION,4pcs/ctn,2,8,45,42,32,0.060,0.121,7.0,14.0,155.00,1240.00,
KM-114-1,uakeen,1,Cookware set,8PCS SET,2pcs/ctn,2,4,61,35,41,0.088,0.175,18.0,36.0,355.00,1420.00,276-343
KM-114-2,uakeen,2,Cookware set,8PCS SET,2pcs/ctn,3,6,61,35,41,0.088,0.263,18.0,54.0,365.00,2190.00,
KM-114-3,uakeen,3,Cookware set,10PCS COOKWARE SET,2pcs/ctn,2,4,68,42,35,0.100,0.200,22.0,44.0,310.00,1240.00,
KM-114-4,uakeen,4,Cookware set,10PCS COOKWARE SET,2pcs/ctn,3,6,68,42,35,0.100,0.300,22.0,66.0,310.00,1860.00,
KM-114-5,uakeen,5,Cookware set,7PCS SET,1pcs/ctn,2,2,41,33,48,0.065,0.130,20.0,40.0,295.00,590.00,
KM-114-6,uakeen,6,Cookware set,7PCS SET,1pcs/ctn,2,2,41,33,48,0.065,0.130,20.0,40.0,295.00,590.00,
KM-114-7,uakeen,7,Cookware set,7PCS SET,1pcs/ctn,2,2,35,31,45,0.049,0.098,15.0,30.0,310.00,620.00,
KM-114-8,uakeen,8,Cookware set,11PCS SET,1pcs/ctn,1,1,60,41,38,0.093,0.093,31.0,31.0,385.00,385.00,
KM-114-9,uakeen,9,Cookware set,11PCS SET,1pcs/ctn,1,1,60,41,38,0.093,0.093,31.0,31.0,385.00,385.00,
KM-114-10,uakeen,10,Cookware set,11PCS SET,1pcs/ctn,1,1,60,41,38,0.093,0.093,31.0,31.0,385.00,385.00,
KM-116-1,兴伟陶瓷,1,Ceramic plates,11寸平盘,24pcs/ctn,20,480,30,30,30,0.027,0.540,23.0,460.0,3.50,1680.00,
KM-116-2,兴伟陶瓷,2,Ceramic plates,10.5寸平盘,30pcs/ctn,20,600,32,28,28,0.025,0.502,23.0,460.0,3.30,1980.00,
KM-116-3,兴伟陶瓷,3,Ceramic plates,10.5寸平盘薄款,36pcs/ctn,20,720,34,28,28,0.027,0.533,25.0,500.0,2.80,2016.00,
KM-116-4,兴伟陶瓷,4,Ceramic plates,8寸平盘薄款,72pcs/ctn,10,720,42,32,23,0.031,0.309,23.0,230.0,1.50,1080.00,
KM-116-5,兴伟陶瓷,5,Ceramic plates,7寸平盘,84pcs/ctn,5,420,44,36,20,0.032,0.158,27.0,135.0,1.45,609.00,
KM-116-6,兴伟陶瓷,6,Ceramic plates,6寸平盘,100pcs/ctn,5,500,48,34,17,0.028,0.139,26.0,130.0,1.35,675.00,
KM-116-7,兴伟陶瓷,7,Ceramic cups,12盎司古中杯,48pcs/ctn,7,336,41,30,44,0.054,0.379,18.5,129.5,1.60,537.60,
KM-116-8,兴伟陶瓷,8,Ceramic plates,10.5立边盘黑边,30pcs/ctn,24,28,48,26,28,0.035,0.839,22.0,528.0,2.80,78.40,
KM-116-9,兴伟陶瓷,9,Ceramic plates,7.5寸立边盘黑边,60pcs/ctn,5,300,44,40,20,0.035,0.176,23.0,115.0,1.50,450.00,
KM-116-10,兴伟陶瓷,10,Ceramic bowl,6寸黑色边碗,48pcs/ctn,5,240,48,34,31,0.051,0.253,19.0,95.0,1.60,384.00,
KM-117-1,高森,1,Cookware set,HR151-6,4pcs/ctn,10,40,52,47,34,0.083,0.831,13.8,138.0,67.00,2680.00,
KM-117-2,高森,2,Cookware set,HR176-1,4pcs/ctn,10,40,55,27,46,0.068,0.683,14.8,148.0,87.00,3480.00,
KM-117-3,高森,3,Cookware set,HR176-2,4pcs/ctn,10,40,58,31,50,0.090,0.899,22.0,220.0,108.00,4320.00,
KM-117-4,高森,4,Cookware set,HR176-3,2pcs/ctn,10,20,60,33,45,0.089,0.891,16.7,167.0,158.00,3160.00,
KM-117-5,高森,5,Cookware set,HR148-8,4pcs/ctn,10,40,63,33,53,0.110,1.102,24.8,248.0,134.00,5360.00,
KM-118-1,荣华,1,Ceramic cups,CCP-115,72pcs/ctn,5,360,46,33,43,0.065,0.326,19.0,95.0,2.80,1008.00,42-71
KM-118-2,荣华,2,Ceramic cups,Q198,48pcs/ctn,5,240,46,31,47,0.067,0.335,23.5,117.5,2.10,504.00,
KM-118-3,荣华,3,Ceramic cups,ZJF-40,48pcs/ctn,5,240,44,30,47,0.062,0.310,22.5,112.5,2.00,478.80,
KM-118-4,荣华,4,Ceramic cups,ZLS-70,48pcs/ctn,10,480,41,29,46,0.055,0.547,19.0,190.0,2.00,960.00,
KM-118-5,荣华,5,Ceramic cups,YQ-23,48pcs/ctn,5,240,48,33,48,0.076,0.380,22.5,112.5,2.30,552.00,
KM-119-1,乐宝,1,Ceramic dinner Set,72头圆 4636#,1pcs/ctn,5,5,50,46,33,0.076,0.380,20.4,102.0,270.00,1350.00,165-184
KM-119-2,乐宝,2,Ceramic dinner Set,72头圆 3959#,1pcs/ctn,5,5,50,46,33,0.076,0.380,20.4,102.0,270.00,1350.00,
KM-119-3,乐宝,3,Ceramic dinner Set,72头圆 3414#,1pcs/ctn,5,5,50,46,33,0.076,0.380,20.4,102.0,270.00,1350.00,
KM-119-4,乐宝,4,Ceramic dinner Set,72头方 1593#,1pcs/ctn,5,5,50,46,35,0.081,0.403,23.4,117.0,300.00,1500.00,
KM-120-1,盈隽金属,1,Cookware set,KV-6666,2pcs/ctn,10,20,55,31,44,0.075,0.750,17.5,175.0,189.00,3780.00,
KM-120-2,盈隽金属,2,Cookware set,KV-15147,2pcs/ctn,10,20,54,28,43,0.065,0.650,15.8,158.0,156.00,3120.00,
KM-120-3,盈隽金属,3,Cookware set,KV-15148,2pcs/ctn,10,20,56,32,42,0.075,0.753,17.5,175.0,161.00,3220.00,
KM-120-4,盈隽金属,4,Cookware set,KV-6638,2pcs/ctn,10,20,57,33,43,0.081,0.809,16.7,167.0,189.00,3780.00,
KM-121-1,盈隽金属,1,Cookware set,KV-6666,2pcs/ctn,5,10,55,31,44,0.075,0.375,17.5,87.5,189.00,1890.00,
KM-121-2,盈隽金属,2,Cookware set,KV-15147,2pcs/ctn,5,10,55,28,43,0.066,0.331,15.8,79.0,156.00,1560.00,
KM-121-3,盈隽金属,3,Cookware set,KV-15148,2pcs/ctn,3,6,56,32,42,0.075,0.226,17.5,52.5,161.00,966.00,
KM-122-3,帅得宝,3,Frying pan,兰芽-烤盘Royal迪斯尼内外同色40-黑色RD-KB40,10pcs/ctn,2,20,86,41,48,0.169,0.338,25.0,50.0,73.00,1460.00,
KM-123-2,帅得宝,2,Cookware set,超轻款-2汤锅-Royal迪士尼12件套/大理石,4pcs/ctn,2,8,67,35,50,0.117,0.235,26.0,52.0,155.00,1240.00,
KM-123-3,帅得宝,3,Cookware set,超轻款-2汤锅-Royal迪士尼十件套（黑/灰/米/紫咖）,4pcs/ctn,2,8,67,35,50,0.117,0.235,26.0,52.0,150.00,1200.00,
KM-124-1,顺飞,1,Glass Jar,6505-2200ML 竖纹扣瓶,24pcs/ctn,3,72,52,40,53,0.110,0.331,26.0,78.0,5.80,417.60,
KM-124-2,顺飞,2,Glass Jar,6509-1500ML 竖纹扣瓶,24pcs/ctn,3,72,50,37,46,0.085,0.255,19.0,57.0,4.80,345.60,
KM-124-3,顺飞,3,Glass Jar,6504-1000竖纹扣瓶,24pcs/ctn,3,72,48,37,37,0.066,0.197,15.6,46.8,4.30,309.60,
KM-124-4,顺飞,4,Glass casserole dish,KPL-3B 大号三件套烤盘,6pcs/ctn,4,24,47,41,26,0.050,0.200,23.0,92.0,29.00,696.00,
KM-124-5,顺飞,5,Glass casserole dish,9097T -3.5L 煲,6pcs/ctn,5,30,46,36,33,0.055,0.273,17.0,85.0,30.00,900.00,
KM-124-6,顺飞,6,Glass Beverage Dispenser,HM20511-3PCS 果汁缸,4pcs/ctn,3,12,52,37,45,0.087,0.260,22.3,66.9,49.00,588.00,
KM-125-1,geleite,1,Food warmer,CF027DBQJ-2,4pcs/ctn,10,40,57,42,33,0.079,0.790,30.8,308.0,230.00,9200.00,
KM-125-2,geleite,2,Food warmer,CF027DB-2,4pcs/ctn,20,80,57,42,33,0.079,1.580,30.8,616.0,190.00,15200.00,
KM-125-3,geleite,3,Food warmer,CF025A-2,4pcs/ctn,20,80,57,42,33,0.079,1.580,30.0,600.0,205.00,16400.00,
KM-125-4,geleite,4,Food warmer,CF025AQJ-2,4pcs/ctn,10,40,57,42,33,0.079,0.790,30.0,300.0,245.00,9800.00,
KM-125-5,geleite,5,Food warmer,CF012-2,,,80,,,,,,,0.0,190.00,15200.00,
KM-125-6,geleite,6,Food warmer,CF012KS-2,,,80,,,,,,,0.0,205.00,16400.00,
KM-125-7,geleite,7,Food warmer,CF027DBH-2,4pcs/ctn,10,40,57,42,33,0.079,0.790,30.8,308.0,230.00,9200.00,
KM-126-1,jiakang,1,Flasks,JK-3000-8,9pcs/ctn,2,18,55,55,43,0.130,0.260,18.4,36.8,73.00,1314.00,93-100
KM-126-2,jiakang,2,Flasks,JK-4000-8,9pcs/ctn,2,18,55,55,47,0.142,0.284,20.0,40.0,83.00,1494.00,
KM-126-3,jiakang,3,Flasks,JK-5000-8,9pcs/ctn,2,18,55,55,53,0.160,0.321,22.0,44.0,93.00,1674.00,
KM-126-4,jiakang,4,Flasks,JK-3000-9,9pcs/ctn,1,9,52,52,50,0.135,0.135,18.4,18.4,90.00,810.00,
KM-126-5,jiakang,5,Flasks,JK-4000-9,9pcs/ctn,1,9,54,54,54,0.157,0.157,20.7,20.7,95.00,855.00,
KM-127-1,邦达,1,Food flask,FH58-2.9L,12pcs/ctn,2,24,71,42,55,0.164,0.328,34.5,69.0,100.00,2400.00,
KM-127-2,邦达,2,Food flask,FH58-2.9L,6pcs/ctn,5,30,38,42,55,0.088,0.439,17.0,85.0,110.00,3300.00,
KM-127-3,邦达,3,Flasks,H57-2.5L,9pcs/ctn,5,45,42,61,61,0.156,0.781,19.5,97.5,114.00,5130.00,
KM-127-4,邦达,4,Flasks,H57-2.5L,9pcs/ctn,5,45,42,61,61,0.156,0.781,19.5,97.5,114.00,5130.00,
KM-128-1,一见喜,1,Cooler boxes,MX02-BR/G 红金三件套（2L+2.5L+3L),4pcs/ctn,1,4,55,55,45,0.136,0.136,18.0,18.0,295.00,1180.00,
KM-128-2,一见喜,2,Cooler boxes,MX02-IV/G 白金三件套（2L+2.5L+3L),4pcs/ctn,1,4,55,55,45,0.136,0.136,18.0,18.0,295.00,1180.00,
KM-128-3,一见喜,3,Cooler boxes,MX02-MNK/G 咖金三件套（2L+2.5L+3L),4pcs/ctn,1,4,55,55,45,0.136,0.136,18.0,18.0,295.00,1180.00,
KM-128-4,一见喜,4,Insulated Drink Dispenser with Temperature Display,IDQ-1000SSM温度计 (10L) 不锈钢本色,6pcs/ctn,2,12,84,57,45,0.215,0.431,19.0,38.0,135.00,1620.00,
,,,,,,793CTNS,,,,,,68.789CBM,,17354.2KGS,,¥310995.20,
MMB GOODS LOAD IN THIS CONTANIER
MMB-108-3,正旺,3,Ceramic cups,Ceramic cups,48pcs/ctn,5,240,43,28,45,0.054,0.271,20.5,102.5,,,
MMB-108-4,正旺,4,Ceramic cups,Ceramic cups,48pcs/ctn,5,240,42,30,46,0.058,0.290,19.4,97.0,,,
MMB-131-1,安奇,1,Sizzling Plate,带柄腰形烤盘,10pcs/ctn,20,200,42,22,37,0.034,0.684,13.5,270.0,,,
MMB-131-3,安奇,3,Sizzling Plate,328#加厚圆盘优木,10pcs/ctn,20,200,37,28,30,0.031,0.622,14.0,280.0,,,
MMB-111-1,创瑞思,1,Cooler boxes,4PCS-2BROWN/3RED,1pcs/ctn,2,2,46,46,56,0.118,0.237,15.8,31.6,,,
MMB-128-2,加康,2,Flasks,JK-4000-8,9pcs/ctn,2,18,55,55,47,0.142,0.284,20.0,40.0,,,
MMB-128-4,加康,4,Flasks,JK-3000-9,9pcs/ctn,1,9,52,52,50,0.135,0.135,18.4,18.4,,,
MMB-102-2,龙凤,2,Flasks,QB-200-5,12pcs/ctn,1,12,61,61,30,0.112,0.112,15.0,15.0,,,
MMB-102-5,龙凤,5,Flasks,SS30T,12pcs/ctn,2,24,64,48,37,0.114,0.227,15.2,30.4,,,
MMB-102-6,龙凤,6,Flasks,SS20KK,12pcs/ctn,2,24,60,45,32,0.086,0.173,10.1,20.2,,,
MMB-102-1,龙凤,1,Flasks,SS50HA,6pcs/ctn,2,12,57,43,46,0.113,0.225,14.5,29.0,,,
MMB-102-3,龙凤,3,Insulated Beverage Dispenser,IDB-1000SA2CTM,6pcs/ctn,1,6,75,54,40,0.162,0.162,13.2,13.2,,,
MMB-109-6,16542,6,Vacuum bottles,650ml保温杯,50pcs/ctn,1,50,48,45,52,0.112,0.112,19.0,19.0,,,
MMB-105-4,haohao,4,Plastic Serving Tray,Plastic Serving Tray,36pcs/ctn,1,36,30,30,47,0.042,0.042,19.5,19.5,,,
,,,,,,65CTNS,,,,,,3.576CBM,,985.8KGS,,,

TOTAL WEIGHT,18340,KGS
TOTAL CBM,72.4,CBM
TOTAL CARTON,858,CTN
TOTAL COST,310995,RMB,46907,USD
