MARKS 唛头,SHOP#,ITEM NO.,DESCRIPTION OF GOODS,,,PACKING,T.CTN,T.QTY,H,W,L,UNIT CBM,T.CBM,UNIT WEIGHT,T.WEIGHT,U.PRICE (RMB),T.AMOUNT,BOX .NO,REMMARK
NEW ORDER,,,,,,,,,,,,,,,,,,,
MS-301-1 SANCARGO,新南方,1,,Ice cream machine,ice cream machine,1pcs/ctn,7CTNS,7pcs,57,74,127,0.536CBM,3.750CBM,95.0KGS,665.0KGS,"¥3,400.00","¥23,800.00",170-278,
MS-301-2 SANCARGO,新南方,2,,Ice cream machine parts-axis,axis,,1CTNS,10pcs,,,,0.000CBM,0.000CBM,,0.0KGS,¥190.00,"¥1,900.00",,
MS-301-3 SANCARGO,新南方,3,,"Ice cream machine parts-
screw",screw,,,10pcs,,,,0.000CBM,0.000CBM,,0.0KGS,¥45.00,¥450.00,,
MS-301-4 SANCARGO,新南方,4,,"Ice cream machine parts-
handle",handle,,,5pcs,,,,0.000CBM,0.000CBM,,0.0KGS,¥85.00,¥425.00,,
MS-301-5 SANCARGO,新南方,5,,"Ice cream machine parts-
panel",panel,,,5pcs,,,,0.000CBM,0.000CBM,,0.0KGS,¥450.00,"¥2,250.00",,
MS-301-6 SANCARGO,新南方,6,,"Desktop hard ice cream
machine",Desktop hard ice cream machine,,1CTNS,1pcs,67,81,69,0.374CBM,0.374CBM,48.5KGS,48.5KGS,"¥2,600.00","¥2,600.00",,
MS-301-7 SANCARGO,新南方,7,,Cola machine,Four head cola machine,1pcs/ctn,4CTNS,4pcs,53,82,88,0.382CBM,1.530CBM,31.8KGS,127.2KGS,"¥3,200.00","¥12,800.00",,
MS-301-8 SANCARGO,新南方,8,,Plastic bottles,500ML cup,100pcs/ctn,5CTNS,500pcs,62,35,37,0.080CBM,0.401CBM,3.4KGS,17.0KGS,¥0.90,¥450.00,,this item 5 ctn has been stuffed into other goods
MS-301-9 SANCARGO,新南方,9,,Fruit film,Fruit film,12pcs/ctn,5CTNS,60pcs,37,55,30,0.061CBM,0.305CBM,65.0KGS,325.0KGS,¥45.00,"¥2,700.00",,
MS-301-10 SANCARGO,新南方,10,,Sealing machine,sealing machine,1pcs/ctn,10CTNS,10pcs,31,26,50,0.040CBM,0.403CBM,9.5KGS,95.0KGS,¥200.00,"¥2,000.00",,this item 2 ctn has been stuffed into other goods
MS-301-11 SANCARGO,新南方,11,,Oil press,oil press,1pcs/ctn,2CTNS,2pcs,34,68,44,0.102CBM,0.203CBM,46.0KGS,92.0KGS,"¥3,800.00","¥7,600.00",,
MS-301-12 SANCARGO,新南方,12,,Electric griddle,818 grill,1pcs/ctn,9CTNS,9pcs,60,47,20,0.056CBM,0.508CBM,19.5KGS,175.5KGS,¥240.00,"¥2,160.00",,
MS-301-13 SANCARGO,新南方,13,,Electric griddle,820 grill,1pcs/ctn,0CTNS,0pcs,78,53,20,0.083CBM,0.000CBM,25.1KGS,0.0KGS,¥420.00,¥0.00,,
MS-301-14 SANCARGO,新南方,14,,Disinfection cabinet,398 disinfection cabinet,1pcs/ctn,1CTNS,1pcs,62,55,178,0.607CBM,0.607CBM,31.5KGS,31.5KGS,¥980.00,¥980.00,,
MS-301-15 SANCARGO,新南方,15,,oven,pizza oven,1pcs/ctn,2CTNS,2pcs,72,78,73,0.410CBM,0.820CBM,58.0KGS,116.0KGS,"¥1,900.00","¥3,800.00",,
MS-301-16 SANCARGO,新南方,16,,Cake Showcase,Arc shaped heating cabinet,1pcs/ctn,2CTNS,2pcs,75,47,77,0.271CBM,0.543CBM,55.0KGS,110.0KGS,"¥1,950.00","¥3,900.00",,
MS-301-17 SANCARGO,新南方,17,,Cake Showcase,Right angle heating cabinet,1pcs/ctn,2CTNS,2pcs,75,67,77,0.387CBM,0.774CBM,55.0KGS,110.0KGS,"¥1,950.00","¥3,900.00",,
MS-301-18 SANCARGO,新南方,18,,Rice steamer,12th floor rice steamer truck,1pcs/ctn,2CTNS,2pcs,70,60,145,0.609CBM,1.218CBM,45.0KGS,90.0KGS,"¥1,200.00","¥2,400.00",,
MS-301-19 SANCARGO,新南方,19,,Meat Dryer,20 layer dryer,1pcs/ctn,3CTNS,3pcs,59,43,59,0.150CBM,0.449CBM,24.0KGS,72.0KGS,"¥1,300.00","¥3,900.00",,
MS-301-20 SANCARGO,新南方,20,,Meat Dryer,10 layer dryer,1pcs/ctn,2CTNS,2pcs,53,47,48,0.120CBM,0.239CBM,13.0KGS,26.0KGS,¥650.00,"¥1,300.00",,
MS-301-21 SANCARGO,新南方,21,,Meat Dryer,80 layer dryer,1pcs/ctn,2CTNS,2pcs,98,66,180,1.164CBM,2.328CBM,61.0KGS,122.0KGS,"¥4,800.00","¥9,600.00",,
MS-301-22 SANCARGO,新南方,22,,Meat Dryer,12 layer dryer,1pcs/ctn,3CTNS,3pcs,53,42,57,0.127CBM,0.381CBM,16.5KGS,49.5KGS,¥750.00,"¥2,250.00",,
MARKS 唛头,SHOP#,ITEM NO.,DESCRIPTION OF GOODS,,,PACKING,T.CTN,T.QTY,H,W,L,UNIT CBM,T.CBM,UNIT WEIGHT,T.WEIGHT,U.PRICE (RMB),T.AMOUNT,BOX .NO,REMMARK
MS-301-23 SANCARGO,新南方,23,,Milkshake machine,milkshake machine,2pcs/ctn,1CTNS,2pcs,60,46,24,0.066CBM,0.066CBM,14.5KGS,14.5KGS,¥850.00,"¥1,700.00",,
MS-301-24 SANCARGO,新南方,24,,Cake Showcase,heated cabinet,,,100pcs,,,,0.000CBM,0.000CBM,,0.0KGS,¥315.00,"¥31,500.00",,
,,,,Cake Showcase accessories,网架,,1CTNS,,61,66,80,0.322CBM,0.322CBM,65.0KGS,65.0KGS,,,,
,,,,Cake Showcase accessories,玻璃,,2CTNS,,60,126,82,0.620CBM,1.240CBM,115.0KGS,230.0KGS,,,,
,,,,Cake Showcase accessories,玻璃,,1CTNS,,47,97,50,0.228CBM,0.228CBM,115.0KGS,115.0KGS,,,,
,,,,Cake Showcase accessories,底座,,17CTNS,,54,78,77,0.324CBM,5.514CBM,24.0KGS,408.0KGS,,,,
,,,,Cake Showcase accessories,盖板,,8CTNS,,53,73,54,0.209CBM,1.671CBM,34.0KGS,272.0KGS,,,,
,,,,Cake Showcase accessories,纸箱,,6CTNS,,120,60,80,0.576CBM,3.456CBM,15.0KGS,90.0KGS,,,,
MS-302-1 SANCARGO,东田,1,,Food Mixer,B10B搅拌机,1pcs/ctn,2CTNS,2pcs,60,46,77,0.213CBM,0.425CBM,50.0KGS,100.0KGS,"¥1,450.00","¥2,900.00",,
MS-302-2 SANCARGO,东田,2,,Food Mixer,B20B搅拌机,1pcs/ctn,1CTNS,1pcs,61,51,85,0.264CBM,0.264CBM,67.0KGS,67.0KGS,"¥1,650.00","¥1,650.00",,
MS-302-3 SANCARGO,东田,3,,Food Mixer,B30B搅拌机,1pcs/ctn,1CTNS,1pcs,61,51,99,0.308CBM,0.308CBM,76.0KGS,76.0KGS,"¥2,000.00","¥2,000.00",,
MS-302-4 SANCARGO,东田,4,,Food Mixer,HS-20和面机,1pcs/ctn,2CTNS,2pcs,73,45,100,0.329CBM,0.657CBM,100.0KGS,200.0KGS,"¥2,200.00","¥4,400.00",,
MS-302-5 SANCARGO,东田,5,,Food Mixer,HS-30和面机,1pcs/ctn,2CTNS,2pcs,77,46,100,0.354CBM,0.708CBM,105.0KGS,210.0KGS,"¥2,400.00","¥4,800.00",,
MS-302-6 SANCARGO,东田,6,,Food Mixer,HS40和面机,1pcs/ctn,2CTNS,2pcs,83,54,102,0.457CBM,0.914CBM,130.0KGS,260.0KGS,"¥3,700.00","¥7,400.00",,
MS-302-7 SANCARGO,东田,7,,Popcorn Machine,JY826A爆谷机,1pcs/ctn,27CTNS,27pcs,,,,0.000CBM,3.500CBM,,950.0KGS,¥380.00,"¥10,260.00",,
MS-302-8 SANCARGO,东田,8,,Oven,MFT-12一层二盘电烤炉,1pcs/ctn,2CTNS,2pcs,135,92,60,0.745CBM,1.490CBM,85.0KGS,170.0KGS,"¥1,350.00","¥2,700.00",,
MS-302-10 SANCARGO,东田,10,,Oven,MFT-36三层六盘电烤箱,1pcs/ctn,2CTNS,2pcs,136,93,146,1.847CBM,3.693CBM,200.0KGS,400.0KGS,"¥4,200.00","¥8,400.00",,
MS-302-11 SANCARGO,东田,11,,Oven,MFT-39三层九盘电烤箱,1pcs/ctn,1CTNS,1pcs,180,93,147,2.461CBM,2.461CBM,280.0KGS,280.0KGS,"¥5,720.00","¥5,720.00",,
MS-302-12 SANCARGO,东田,12,,Oven,MFT-26二层六盘电烤炉,1pcs/ctn,1CTNS,1pcs,180,93,127,2.126CBM,2.126CBM,170.0KGS,170.0KGS,"¥4,520.00","¥4,520.00",,
MS-302-13 SANCARGO,东田,13,,Oven,MFT-24二层四盘电烤炉,1pcs/ctn,2CTNS,2pcs,135,93,128,1.607CBM,3.214CBM,160.0KGS,320.0KGS,"¥2,850.00","¥5,700.00",,
MS-302-14 SANCARGO,东田,14,,Ice Cream Cone Maker,单头雪糕皮机,1pcs/ctn,15CTNS,15pcs,41,31,30,0.038CBM,0.572CBM,6.0KGS,90.0KGS,¥260.00,"¥3,900.00",,
MS-302-15 SANCARGO,东田,15,,Ice Cream Cone Maker,双头雪糕皮机,1pcs/ctn,3CTNS,3pcs,55,41,31,0.070CBM,0.210CBM,11.0KGS,33.0KGS,¥550.00,"¥1,650.00",,
MS-302-16 SANCARGO,东田,16,,Panini maker,811压板扒炉,1pcs/ctn,10CTNS,10pcs,44,37,27,0.044CBM,0.440CBM,14.0KGS,140.0KGS,¥300.00,"¥3,000.00",,
MARKS 唛头,SHOP#,ITEM NO.,DESCRIPTION OF GOODS,,,PACKING,T.CTN,T.QTY,H,W,L,UNIT CBM,T.CBM,UNIT WEIGHT,T.WEIGHT,U.PRICE (RMB),T.AMOUNT,BOX .NO,REMMARK
MS-302-17 SANCARGO,东田,17,,Panini maker,811E扒炉,1pcs/ctn,5CTNS,5pcs,50,45,27,0.061CBM,0.304CBM,16.5KGS,82.5KGS,¥350.00,"¥1,750.00","48-161,338-380",
MS-302-19 SANCARGO,东田,19,,Hand Press  Juicer,手压榨汁机1158B款黑色,3pcs/ctn,2CTNS,6pcs,60,30,45,0.081CBM,0.162CBM,20.0KGS,40.0KGS,¥95.00,¥570.00,,
MS-302-20 SANCARGO,东田,20,,Food Display Showcase,JB-BWS827弧形保温柜,1pcs/ctn,10CTNS,10pcs,73,58,70,0.296CBM,2.964CBM,26.0KGS,260.0KGS,¥450.00,"¥4,500.00",,
MS-302-21 SANCARGO,东田,21,,Meat grinder,TK-8半钢绞肉机,1pcs/ctn,4CTNS,4pcs,37,25,40,0.037CBM,0.148CBM,12.0KGS,48.0KGS,¥390.00,"¥1,560.00",,
MS-302-22 SANCARGO,东田,22,,Meat grinder,TK-12半钢绞肉机,1pcs/ctn,13CTNS,13pcs,45,33,45,0.067CBM,0.869CBM,20.0KGS,260.0KGS,¥550.00,"¥7,150.00",,
MS-302-23 SANCARGO,东田,23,,Meat grinder,TK-22半钢绞肉机,1pcs/ctn,0CTNS,0pcs,51,38,53,0.103CBM,0.000CBM,27.0KGS,0.0KGS,¥850.00,¥0.00,,
MS-302-24 SANCARGO,东田,24,,Beverage dispenser,YSJ18*2双缸冷饮机黑色,1pcs/ctn,7CTNS,7pcs,55,48,77,0.203CBM,1.423CBM,28.0KGS,196.0KGS,"¥1,400.00","¥9,800.00",,
MS-302-25 SANCARGO,东田,25,,Beverage dispenser,YSJ18*3三缸冷饮机,1pcs/ctn,3CTNS,3pcs,77,48,77,0.285CBM,0.854CBM,40.0KGS,120.0KGS,"¥1,700.00","¥5,100.00",,
MS-302-26 SANCARGO,东田,26,,Electric  Plate Warming cart,单头暖碟车,1pcs/ctn,1CTNS,1pcs,60,52,98,0.306CBM,0.306CBM,30.0KGS,30.0KGS,"¥1,000.00","¥1,000.00",,
MS-302-27 SANCARGO,东田,27,,Electric  Plate Warming cart,双头暖碟车,1pcs/ctn,0CTNS,0pcs,101,53,100,0.535CBM,0.000CBM,60.0KGS,0.0KGS,"¥2,100.00",¥0.00,,
MS-302-28 SANCARGO,东田,28,,Electric Toaster,ETS-4片多士炉,4pcs/ctn,1CTNS,4pcs,67,31,53,0.110CBM,0.110CBM,18.5KGS,18.5KGS,¥280.00,"¥1,120.00",,
MS-302-29 SANCARGO,东田,29,,Manuel Meat Mincer,手动切片机,1pcs/ctn,5CTNS,5pcs,33,33,36,0.039CBM,0.196CBM,5.0KGS,25.0KGS,¥230.00,"¥1,150.00",,
MS-302-30 SANCARGO,东田,30,,Electric  Meat Mincer,LK-805电动切片机,1pcs/ctn,20CTNS,20pcs,37,37,45,0.062CBM,1.232CBM,8.0KGS,160.0KGS,¥550.00,"¥11,000.00",,
,,,,accessories,Blade Assembly,100pcs/ctn,1CTNS,100pcs,37,30,27,0.030CBM,0.030CBM,16.0KGS,16.0KGS,¥35.00,"¥3,500.00",,
,,,,accessories,Blender Coupling100+ motor 2,102pcs/ctn,1CTNS,102pcs,30,25,30,0.023CBM,0.023CBM,8.0KGS,8.0KGS,,¥940.00,,
,,,,accessories,motor,8pcs/ctn,6CTNS,48pcs,52,33,20,0.034CBM,0.206CBM,17.0KGS,102.0KGS,¥120.00,"¥5,760.00",,
,,,,accessories,Cross Blade,160pcs/ctn,1CTNS,160pcs,38,31,17,0.020CBM,0.020CBM,15.0KGS,15.0KGS,,"¥1,800.00",,
MS-303-1 SANCARGO,俊达,1,,Food pan lid,1/2 cover,,1CTNS,50pcs,57,36,46,0.094CBM,0.094CBM,18.5KGS,18.5KGS,¥0.00,¥0.00,,
MS-303-2 SANCARGO,俊达,2,,Food pan lid,1/1 cover,,0CTNS,10pcs,,,,0.000CBM,0.000CBM,,0.0KGS,¥0.00,¥0.00,,
MS-303-3 SANCARGO,俊达,3,,Electric food warmer,warming,,20CTNS,20pcs,107,59,28,0.177CBM,3.535CBM,14.5KGS,290.0KGS,¥800.00,"¥16,000.00",,
,,,,,玻璃,,2CTNS,,112,22,40,0.099CBM,0.197CBM,117.0KGS,234.0KGS,,,,
MS-303-4 SANCARGO,俊达,4,,Electric food warmer,配套的 1/1 10cm带 cover,10pcs/ctn,1CTNS,20pcs,56,36,42,0.085CBM,0.085CBM,22.5KGS,22.5KGS,¥0.00,¥0.00,,
MS-303-5 SANCARGO,俊达,5,,Electric food warmer,配套的 1/2 10cm带 cover,40pcs/ctn,2CTNS,80pcs,77,36,70,0.194CBM,0.388CBM,34.0KGS,68.0KGS,¥0.00,¥0.00,,
,,,,,,,,,,,,,,,,,,,
MARKS 唛头,SHOP#,ITEM NO.,DESCRIPTION OF GOODS,,,PACKING,T.CTN,T.QTY,H,W,L,UNIT CBM,T.CBM,UNIT WEIGHT,T.WEIGHT,U.PRICE (RMB),T.AMOUNT,BOX .NO,REMMARK
MS-303-6 SANCARGO,俊达,6,,Potato Chip Cutter,"Potato Chip Cutter
卧式薯条机",,10CTNS,10pcs,26,52,25,0.034CBM,0.338CBM,5.5KGS,55.0KGS,¥200.00,"¥2,000.00",279-337,this item 8 ctn has been stuffed into other goods
MS-303-7 SANCARGO,俊达,7,,Salad Bar Display Counter,沙拉台,,0CTNS,0pcs,167,46,35,0.269CBM,0.000CBM,47.0KGS,0.0KGS,"¥2,250.00",¥0.00,,
MS-303-8 SANCARGO,俊达,8,,Salad Bar Display Counter,沙拉台连柜,,1CTNS,1pcs,150,81,92,1.118CBM,1.118CBM,75.0KGS,75.0KGS,"¥3,500.00","¥3,500.00",,
MS-303-9 SANCARGO,俊达,9,,Grinder,"5000g
磨粉机",2pcs/ctn,5CTNS,10pcs,64,33,51,0.108CBM,0.539CBM,24.0KGS,120.0KGS,¥680.00,"¥6,800.00",,
MS-303-10 SANCARGO,俊达,10,,Bone Saw,"250
铝合金锯骨机",,1CTNS,1pcs,52,52,60,0.162CBM,0.162CBM,44.5KGS,44.5KGS,"¥1,400.00","¥1,400.00",,
MS-303-11 SANCARGO,俊达,11,,Bone Saw,"250
铸铁锯骨机",,1CTNS,1pcs,52,52,60,0.162CBM,0.162CBM,44.5KGS,44.5KGS,"¥1,400.00","¥1,400.00",,
MS-303-12 SANCARGO,俊达,12,,Electric  Meat Mincer,"32-Meat mincer
绞肉机意式
TK32",,1CTNS,1pcs,38,55,50,0.105CBM,0.105CBM,47.0KGS,47.0KGS,"¥2,100.00","¥2,100.00",,
MS-303-13 SANCARGO,俊达,13,,Electric  Meat Mincer,"22-Meat mincer
绞肉机意式
YK22",,1CTNS,1pcs,46,27,48,0.060CBM,0.060CBM,31.0KGS,31.0KGS,"¥1,580.00","¥1,580.00",,
MS-303-14 SANCARGO,俊达,14,,Electric  Meat Mincer,绞肉机12全钢铜电机,,1CTNS,1pcs,43,26,45,0.050CBM,0.050CBM,21.0KGS,21.0KGS,"¥1,250.00","¥1,250.00",,
MS-303-15 SANCARGO,俊达,15,,Ice maker,ice maker 40kg,,1CTNS,1pcs,50,46,68,0.156CBM,0.156CBM,22.5KGS,22.5KGS,"¥1,950.00","¥1,950.00",,
MS-303-16 SANCARGO,俊达,16,,Ice maker,ice maker 50kg,,1CTNS,1pcs,46,62,75,0.214CBM,0.214CBM,34.0KGS,34.0KGS,"¥2,150.00","¥2,150.00",,
MS-303-17 SANCARGO,俊达,17,,Ice maker,ice maker 60kg,,2CTNS,2pcs,70,57,90,0.359CBM,0.718CBM,45.0KGS,90.0KGS,"¥2,250.00","¥4,500.00",,
MS-303-18 SANCARGO,俊达,18,,Slush machine,slush machine,,1CTNS,1pcs,56,47,89,0.234CBM,0.234CBM,56.0KGS,56.0KGS,"¥4,450.00","¥4,450.00",,
MS-303-19 SANCARGO,俊达,19,,Oil press,"50/KG
Oli press",,2CTNS,2pcs,94,90,112,0.948CBM,1.895CBM,145.0KGS,290.0KGS,"¥9,000.00","¥18,000.00",,
MS-304-1 SANCARGO,奥丝玫瑰张圳锋,1,,Shapewear,21188,,1CTNS,300pcs,115,110,46,0.582CBM,0.582CBM,67.0KGS,67.0KGS,¥27.00,"¥8,100.00",,
MS-304-2 SANCARGO,奥丝玫瑰张圳锋,2,,Shapewear,5058,,1CTNS,360pcs,100,82,45,0.369CBM,0.369CBM,45.0KGS,45.0KGS,¥20.50,"¥7,380.00",,
MS-305-1 SANCARGO,远航户外,1,,Plastic chairs,YH-L615黑10灰10,4pcs/ctn,20CTNS,80pcs,64,55,66,0.232CBM,4.646CBM,24.0KGS,480.0KGS,¥77.00,"¥6,160.00",,
MS-305-2 SANCARGO,远航户外,2,,Plastic chairs,YH-8035绿5米白5,4pcs/ctn,8CTNS,32pcs,68,58,53,0.209CBM,1.672CBM,18.0KGS,144.0KGS,¥105.00,"¥3,360.00",,
MS-306-1 SANCARGO,华雅泰,1,,Bralette,2193-,,1CTNS,240pcs,77,35,55,0.148CBM,0.148CBM,17.6KGS,17.6KGS,¥6.50,"¥1,560.00",162-163,
MS-306-2 SANCARGO,华雅泰,2,,Bralette,838-,,1CTNS,400pcs,73,42,78,0.239CBM,0.239CBM,42.0KGS,42.0KGS,¥8.90,"¥3,560.00",,
MS-307-1 SANCARGO,伟明文胸,1,,Bra,092*,,1CTNS,360pcs,72,35,55,0.139CBM,0.139CBM,27.0KGS,27.0KGS,￥18.00,"￥6,480.00",,
MS-307-2 SANCARGO,伟明文胸,2,,Bra,139*,,1CTNS,360pcs,35,63,63,0.139CBM,0.139CBM,31.2KGS,31.2KGS,￥22.50,"￥8,100.00",,
MS-307-3 SANCARGO,伟明文胸,3,,Bra,126*,,1CTNS,360pcs,80,60,75,0.360CBM,0.360CBM,53.0KGS,53.0KGS,￥20.50,"￥7,380.00",,
MARKS 唛头,SHOP#,ITEM NO.,DESCRIPTION OF GOODS,,,PACKING,T.CTN,T.QTY,H,W,L,UNIT CBM,T.CBM,UNIT WEIGHT,T.WEIGHT,U.PRICE (RMB),T.AMOUNT,BOX .NO,REMMARK
MS-307-4 SANCARGO,伟明文胸,4,,Bra,386*,,1CTNS,420pcs,67,75,53,0.266CBM,0.266CBM,51.0KGS,51.0KGS,￥37.00,"￥15,540.00",164-169,
MS-307-5 SANCARGO,伟明文胸,5,,Bra,383*,,1CTNS,480pcs,67,75,53,0.266CBM,0.266CBM,51.0KGS,51.0KGS,￥37.00,"￥17,760.00",,
MS-307-5 SANCARGO,伟明文胸,5,,Bra,383*,,1CTNS,420pcs,35,63,63,0.139CBM,0.139CBM,30.0KGS,30.0KGS,￥37.00,"￥15,540.00",,
MS-308-1 SANCARGO,柔妃49348,1,,Sleepwear,25612*,,1CTNS,144pcs,80,70,40,0.224CBM,0.224CBM,59.0KGS,59.0KGS,¥22.00,"¥3,168.00",1/13/2026,
,,,,,,,1CTNS,156pcs,85,70,40,0.238CBM,0.238CBM,64.0KGS,64.0KGS,¥22.00,"¥3,432.00",,
MS-308-2 SANCARGO,柔妃49348,2,,Sleepwear,25608*,,1CTNS,240pcs,85,80,30,0.204CBM,0.204CBM,56.0KGS,56.0KGS,¥13.00,"¥3,120.00",,
MS-308-3 SANCARGO,柔妃49348,3,,Sleepwear,25364蝴蝶,,1CTNS,180pcs,70,60,30,0.126CBM,0.126CBM,31.0KGS,31.0KGS,¥12.00,"¥2,160.00",,
MS-308-4 SANCARGO,柔妃49348,4,,Sleepwear,25904*,,1CTNS,180pcs,80,70,30,0.168CBM,0.168CBM,36.0KGS,36.0KGS,¥11.00,"¥1,980.00",,
MS-308-5 SANCARGO,柔妃49348,5,,Sleepwear,25335,,1CTNS,240pcs,80,65,30,0.156CBM,0.156CBM,40.0KGS,40.0KGS,¥12.00,"¥2,880.00",,
MS-308-6 SANCARGO,柔妃49348,6,,Sleepwear,25322*,,1CTNS,240pcs,85,80,30,0.204CBM,0.204CBM,51.0KGS,51.0KGS,¥10.00,"¥2,400.00",,
MS-308-7 SANCARGO,柔妃49348,7,,Sleepwear,25702*,,1CTNS,180pcs,70,65,30,0.137CBM,0.137CBM,32.0KGS,32.0KGS,¥15.00,"¥2,700.00",,
MS-308-8 SANCARGO,柔妃49348,8,,Sleepwear,961*,,1CTNS,180pcs,80,70,30,0.168CBM,0.168CBM,35.0KGS,35.0KGS,¥21.00,"¥3,780.00",,
MS-308-9 SANCARGO,柔妃49348,9,,Sleepwear,WT008*,,1CTNS,180pcs,85,80,30,0.204CBM,0.204CBM,43.0KGS,43.0KGS,¥23.00,"¥4,140.00",,
MS-308-10 SANCARGO,柔妃49348,10,,Sleepwear,H416*,,1CTNS,240pcs,85,75,35,0.223CBM,0.223CBM,62.0KGS,62.0KGS,¥26.00,"¥6,240.00",,
MS-308-11 SANCARGO,柔妃49348,11,,Sleepwear,仿真丝双短,,1CTNS,180pcs,75,55,35,0.144CBM,0.144CBM,34.0KGS,34.0KGS,¥23.00,"¥4,140.00",,
MS-308-12 SANCARGO,柔妃49348,12,,Sleepwear,仿真丝长短,,1CTNS,180pcs,75,60,35,0.158CBM,0.158CBM,46.0KGS,46.0KGS,¥25.00,"¥4,500.00",,
MS-309-1 SANCARGO,49371天丽,1,,Sleepwear,小熊开扣绒料3个色,80pcs/ctn,0CTNS,0pcs,82,62,53,0.269CBM,0.000CBM,50.0KGS,0.0KGS,¥26.50,¥0.00,,this item 3 ctn has been stuffed into MAG-5
MS-309-2 SANCARGO,49371天丽,2,,Sleepwear,圆领套装,120pcs/ctn,2CTNS,240pcs,63,110,90,0.624CBM,1.247CBM,48.5KGS,97.0KGS,¥23.50,"¥5,640.00",,
MS-309-3 SANCARGO,49371天丽,3,,Sleepwear,儿童套装,240pcs/ctn,0CTNS,0pcs,57,50,75,0.214CBM,0.000CBM,55.5KGS,0.0KGS,¥15.80,¥0.00,,this item 1 ctn has been stuffed into MAG-5
MS-309-4 SANCARGO,49371天丽,4,,Sleepwear,冬季带帽睡衣 4个色,90pcs/ctn,0CTNS,0pcs,145,44,137,0.874CBM,0.000CBM,83.5KGS,0.0KGS,¥49.00,¥0.00,,this item 2 ctn has been stuffed into MAG-5
MS-310-1 SANCARGO,光伟针织,1,,Bra,,,0CTNS,600pcs,,,,0.000CBM,0.000CBM,,0.0KGS,¥14.00,"¥8,400.00",,
MS-311-1 SANCARGO,洪秀福,1,,Sleepwear,D3366,,1CTNS,120pcs,64,30,50,0.096CBM,0.096CBM,19.0KGS,19.0KGS,¥19.00,"¥2,280.00",,
MS-311-2 SANCARGO,洪秀福,2,,Sleepwear,H5126,,1CTNS,120pcs,65,25,60,0.098CBM,0.098CBM,19.0KGS,19.0KGS,¥15.00,"¥1,800.00",,
MARKS 唛头,SHOP#,ITEM NO.,DESCRIPTION OF GOODS,,,PACKING,T.CTN,T.QTY,H,W,L,UNIT CBM,T.CBM,UNIT WEIGHT,T.WEIGHT,U.PRICE (RMB),T.AMOUNT,BOX .NO,REMMARK
MS-311-3 SANCARGO,洪秀福,3,,Sleepwear,A058,,1CTNS,90pcs,57,50,45,0.128CBM,0.128CBM,33.5KGS,33.5KGS,¥16.50,"¥1,485.00",,
MS-311-3 SANCARGO,洪秀福,3,,Sleepwear,A058,,1CTNS,90pcs,57,50,45,0.128CBM,0.128CBM,33.5KGS,33.5KGS,¥16.50,"¥1,485.00",,
MS-311-4 SANCARGO,洪秀福,4,,Sleepwear,A054,,1CTNS,60pcs,55,18,35,0.035CBM,0.035CBM,9.0KGS,9.0KGS,¥17.50,"¥1,050.00",,
MS-311-5 SANCARGO,洪秀福,5,,Sleepwear,A053,,1CTNS,60pcs,58,20,30,0.035CBM,0.035CBM,11.7KGS,11.7KGS,¥15.00,¥900.00,,
MS-311-6 SANCARGO,洪秀福,6,,Sleepwear,D2225,,1CTNS,60pcs,41,28,53,0.061CBM,0.061CBM,11.7KGS,11.7KGS,¥27.00,"¥1,620.00",,
MS-311-7 SANCARGO,洪秀福,7,,Sleepwear,J0544,,1CTNS,180pcs,65,28,57,0.104CBM,0.104CBM,26.4KGS,26.4KGS,¥9.00,"¥1,620.00",,
MS-311-8 SANCARGO,洪秀福,8,,Sleepwear,A030,,1CTNS,180pcs,75,30,70,0.158CBM,0.158CBM,42.0KGS,42.0KGS,¥13.50,"¥2,430.00",,
MS-311-9 SANCARGO,洪秀福,9+20,,Sleepwear,I1051&I2022,item9 & item20,1CTNS,120pcs,62,28,55,0.095CBM,0.095CBM,18.6KGS,18.6KGS,,"¥1,950.00",,
MS-311-10 SANCARGO,洪秀福,10,,Sleepwear,D3421,,1CTNS,120pcs,80,28,57,0.128CBM,0.128CBM,23.4KGS,23.4KGS,¥16.00,"¥1,920.00",,
MS-311-11 SANCARGO,洪秀福,11,,Sleepwear,H5111,,1CTNS,180pcs,62,28,52,0.090CBM,0.090CBM,20.5KGS,20.5KGS,¥13.50,"¥2,430.00",,
MS-311-12 SANCARGO,洪秀福,12,,Sleepwear,FLS003,,1CTNS,180pcs,45,23,61,0.063CBM,0.063CBM,11.7KGS,11.7KGS,¥9.00,"¥1,620.00",,
MS-311-13 SANCARGO,洪秀福,13,,Sleepwear,HD5145,,1CTNS,120pcs,70,25,62,0.109CBM,0.109CBM,25.2KGS,25.2KGS,¥20.00,"¥2,400.00",,
MS-311-14 SANCARGO,洪秀福,14,,Sleepwear,D3613,,1CTNS,60pcs,53,30,54,0.086CBM,0.086CBM,16.0KGS,16.0KGS,¥21.00,"¥1,260.00",,
MS-311-15 SANCARGO,洪秀福,15,,Sleepwear,FNNS370,,1CTNS,180pcs,77,22,62,0.105CBM,0.105CBM,27.5KGS,27.5KGS,¥10.00,"¥1,800.00",,
MS-311-16 SANCARGO,洪秀福,16,,Sleepwear,H5128,,1CTNS,120pcs,55,20,63,0.069CBM,0.069CBM,18.7KGS,18.7KGS,¥11.00,"¥1,320.00",,
MS-311-17 SANCARGO,洪秀福,17,,Sleepwear,FNN002,,1CTNS,60pcs,55,20,44,0.048CBM,0.048CBM,8.8KGS,8.8KGS,¥14.50,¥870.00,,
MS-311-18 SANCARGO,洪秀福,18,,Sleepwear,D3502,,1CTNS,84pcs,45,30,55,0.074CBM,0.074CBM,11.0KGS,11.0KGS,¥20.00,"¥1,680.00",,
MS-311-18 SANCARGO,洪秀福,18,,Sleepwear,D3502,,1CTNS,96pcs,50,30,55,0.083CBM,0.083CBM,12.5KGS,12.5KGS,¥20.00,"¥1,920.00",,
MS-311-19 SANCARGO,洪秀福,19,,Sleepwear,D3492,,1CTNS,60pcs,43,30,50,0.065CBM,0.065CBM,8.7KGS,8.7KGS,¥20.00,"¥1,200.00",,
MS-312-1 SANCARGO,中羿48282,1,,Shapewear,black,,1CTNS,300pcs,92,35,74,0.238CBM,0.238CBM,29.0KGS,29.0KGS,¥14.50,"¥4,350.00",14-17,
MS-312-2 SANCARGO,中羿48282,2,,Shapewear,black,,1CTNS,240pcs,103,42,108,0.467CBM,0.467CBM,51.0KGS,51.0KGS,¥33.00,"¥7,920.00",,
MS-312-3 SANCARGO,中羿48282,3,,Shapewear,black,,1CTNS,180pcs,53,35,48,0.089CBM,0.089CBM,28.0KGS,28.0KGS,¥49.00,"¥8,820.00",,
MS-312-4 SANCARGO,中羿48282,4,,Shapewear,black,,1CTNS,60pcs,55,36,45,0.089CBM,0.089CBM,29.0KGS,29.0KGS,¥37.50,"¥2,250.00",,
MARKS 唛头,SHOP#,ITEM NO.,DESCRIPTION OF GOODS,,,PACKING,T.CTN,T.QTY,H,W,L,UNIT CBM,T.CBM,UNIT WEIGHT,T.WEIGHT,U.PRICE (RMB),T.AMOUNT,BOX .NO,REMMARK
MS-313-1 SANCARGO,鑫源文胸,1,,Shapewear,,,1CTNS,600pcs,94,90,34,0.288CBM,0.288CBM,79.0KGS,79.0KGS,¥22.00,"¥13,200.00",,
MS-313-2 SANCARGO,鑫源文胸,2,,Shapewear,,,1CTNS,600pcs,94,90,34,0.288CBM,0.288CBM,79.0KGS,79.0KGS,¥15.00,"¥9,000.00",,
MS-313-3 SANCARGO,鑫源文胸,3,,Shapewear,,,1CTNS,600pcs,70,26,83,0.151CBM,0.151CBM,60.0KGS,60.0KGS,¥14.00,"¥8,400.00",,
MS-314-1 SANCARGO,flinra 48807,1,,Shapewear,black,,1CTNS,180pcs,84,37,57,0.177CBM,0.177CBM,34.3KGS,34.3KGS,¥19.80,"¥3,564.00",,
MS-314-2 SANCARGO,flinra 48807,2,,Shapewear,black,200pcs/ctn,2CTNS,400pcs,96,30,95,0.274CBM,0.547CBM,37.0KGS,74.0KGS,¥26.50,"¥10,600.00",,
MS-314-3 SANCARGO,flinra 48807,3,,Shapewear,black,120pcs/ctn,2CTNS,240pcs,80,36,66,0.190CBM,0.380CBM,34.0KGS,68.0KGS,¥27.50,"¥6,600.00",,
MS-314-4 SANCARGO,flinra 48807,4,,Shapewear,black,,1CTNS,180pcs,82,35,57,0.164CBM,0.164CBM,25.0KGS,25.0KGS,¥16.80,"¥3,024.00",,
MS-314-5 SANCARGO,flinra 48807,5,,Boob Tape,,,1CTNS,240pcs,60,40,33,0.079CBM,0.079CBM,23.0KGS,23.0KGS,¥3.50,¥840.00,,
MS-314-6 SANCARGO,flinra 48807,6,,Tape,,,1CTNS,240pcs,58,37,53,0.114CBM,0.114CBM,34.0KGS,34.0KGS,¥6.50,"¥1,560.00",,
MS-314-7 SANCARGO,flinra 48807,7,,Tape,,,1CTNS,240pcs,60,40,70,0.168CBM,0.168CBM,46.0KGS,46.0KGS,¥7.80,"¥1,872.00",,
MOSES,丰锦,,,Safe,保险柜,1pcs/ctn,4CTNS,4pcs,40,46,37,0.068CBM,0.272CBM,28.0KGS,112.0KGS,,¥0.00,,client paiy by himself
MOSES,,,,DHL sending Package,,,,,,,,,,,,,¥460.00,,
,,,,,,,400CTNS,,,,,,85.144CBM,,12781.7KGS,,"¥594,245.00",,
37-T-1 18 CTN GOODS STUFFED INTO THIS CONTAINER(REPACKED GOODS),,,,,,,,,,,,,,,,,,,
37-T-120-10 SANCARGO,龙凤保温瓶,10,,Vacuum Flask,,12pcs/ctn,2CTNS,24pcs,78,46,46,0.165CBM,0.330CBM,12.6KGS,25.1KGS,¥48.00,"¥1,152.00",,Money calculated in this container
37-T-120-3 SANCARGO,龙凤保温瓶,3,,Vacuum Flask,,12pcs/ctn,1CTNS,12pcs,64,49,29,0.091CBM,0.091CBM,10.5KGS,10.5KGS,¥29.50,¥354.00,,
37-T-105-5 SANCARGO,龙凤保温瓶,5,,Vacuum Flask,QB-200-3,12pcs/ctn,2CTNS,24pcs,59,41,30,0.073CBM,0.145CBM,14.9KGS,29.8KGS,¥70.00,"¥1,680.00",,
37-T-120-6 SANCARGO,龙凤保温瓶,6,,Vacuum Flask,,12pcs/ctn,2CTNS,24pcs,68,51,35,0.121CBM,0.243CBM,11.7KGS,23.3KGS,¥43.00,"¥1,032.00",,
37-T-120-7 SANCARGO,龙凤保温瓶,7,,Vacuum Flask,,12pcs/ctn,2CTNS,24pcs,63,48,31.5,0.095CBM,0.191CBM,9.8KGS,19.5KGS,¥50.00,"¥1,200.00",,
37-T-120-5 SANCARGO,龙凤保温瓶,5,,Vacuum Flask,,12pcs/ctn,2CTNS,24pcs,66,50,32,0.106CBM,0.211CBM,11.5KGS,23.0KGS,¥41.00,¥984.00,,
37-T-120-9 SANCARGO,龙凤保温瓶,9,,Vacuum Flask,,12pcs/ctn,1CTNS,12pcs,63.5,48,36,0.110CBM,0.110CBM,10.3KGS,10.3KGS,¥55.00,¥660.00,,
37-T-108-2 SANCARGO,以辰,2,,Vacuum Flask,JKX5000,9pcs/ctn,1CTNS,9pcs,55,55,47,0.142CBM,0.142CBM,23.0KGS,23.0KGS,¥110.00,¥990.00,,
37-T-108-1 SANCARGO,以辰,1,,Vacuum Flask,JK4000,9pcs/ctn,1CTNS,9pcs,53,53,52,0.146CBM,0.146CBM,21.0KGS,21.0KGS,¥100.00,¥900.00,,
37-T-108-3 SANCARGO,以辰,3,,Vacuum Flask,JKX4000,9pcs/ctn,1CTNS,9pcs,53,53,52,0.146CBM,0.146CBM,21.0KGS,21.0KGS,¥100.00,¥900.00,,
MARKS 唛头,SHOP#,ITEM NO.,DESCRIPTION OF GOODS,,,PACKING,T.CTN,T.QTY,H,W,L,UNIT CBM,T.CBM,UNIT WEIGHT,T.WEIGHT,U.PRICE (RMB),T.AMOUNT,BOX .NO,REMMARK
37-T-105-2 SANCARGO,龙凤保温瓶,2,,Vacuum Flask,TF-R100G-1,12pcs/ctn,1CTNS,12pcs,62,47,30,0.087CBM,0.087CBM,10.7KGS,10.7KGS,¥49.00,¥588.00,,
37-T-108-4 SANCARGO,以辰,4,,Vacuum Flask,JK3000,9pcs/ctn,1CTNS,9pcs,51,51,48,0.125CBM,0.125CBM,18.0KGS,18.0KGS,¥95.00,¥855.00,,
37-T-120-8 SANCARGO,龙凤保温瓶,8,,Vacuum Flask,,12pcs/ctn,1CTNS,12pcs,64,48,32,0.098CBM,0.098CBM,9.8KGS,9.8KGS,¥40.00,¥480.00,,
,,,,,,,18CTNS,,,,,,2.065CBM,,244.9KGS,,"¥11,775.00",,
GOODS LEFT IN SANCARGO,,,,,,,,,,,,,,,,,,,
MS-301-24 SANCARGO,新南方,,,Cake Showcase accessories,底座,,3CTNS,,54,78,77,0.324CBM,0.973CBM,24.0KGS,72.0KGS,,,,
MS-301-24 SANCARGO,新南方,,,Cake Showcase accessories,盖板,,12CTNS,,53,73,54,0.209CBM,2.507CBM,34.0KGS,408.0KGS,,,,
MS-301-24 SANCARGO,新南方,,,Cake Showcase accessories,纸箱,,4CTNS,,120,60,80,0.576CBM,2.304CBM,15.0KGS,60.0KGS,,,,
MS-301-12 SANCARGO,新南方,12,,Electric griddle,818 grill,1pcs/ctn,11CTNS,11pcs,60,47,20,0.056CBM,0.620CBM,19.5KGS,214.5KGS,¥240.00,"¥2,640.00",,
MS-301-13 SANCARGO,新南方,13,,Electric griddle,820 grill,1pcs/ctn,5CTNS,5pcs,78,53,20,0.083CBM,0.413CBM,25.1KGS,125.5KGS,¥420.00,"¥2,100.00",,
MS-301-20 SANCARGO,新南方,20,,Meat Dryer,10 layer dryer,1pcs/ctn,1CTNS,1pcs,53,47,48,0.120CBM,0.120CBM,13.0KGS,13.0KGS,¥650.00,¥650.00,,
MS-303-4/5 SANCARGO,俊达,"4,5",,Electric food warmer,配套的 1/1 10cm带 cover,10pcs/ctn,1CTNS,20pcs,56,36,42,0.085CBM,0.085CBM,22.5KGS,22.5KGS,¥0.00,¥0.00,,
MS-303-15 SANCARGO,俊达,15,,Ice maker,ice maker 40kg,1pcs/ctn,1CTNS,1pcs,50,46,68,0.156CBM,0.156CBM,22.5KGS,22.5KGS,"¥1,950.00","¥1,950.00",,
MS-303-16 SANCARGO,俊达,16,,Ice maker,ice maker 50kg,1pcs/ctn,1CTNS,1pcs,46,62,75,0.214CBM,0.214CBM,34.0KGS,34.0KGS,"¥2,150.00","¥2,150.00",,
MS-303-7 SANCARGO,俊达,7,,Salad Bar Display Counter,沙拉台,1pcs/ctn,2CTNS,2pcs,167,46,35,0.269CBM,0.538CBM,47.0KGS,94.0KGS,"¥2,250.00","¥4,500.00",,
MS-305-2 SANCARGO,远航户外,2,,Plastic chairs,YH-8035绿5米白5,4pcs/ctn,2CTNS,8pcs,68,58,53,0.209CBM,0.418CBM,18.0KGS,36.0KGS,¥105.00,¥840.00,,
MS-302-18 SANCARGO,东田,18,,Panini maker,813双头压板扒炉,1pcs/ctn,2CTNS,2pcs,65,45,28,0.082CBM,0.164CBM,26.0KGS,52.0KGS,¥650.00,"¥1,300.00",,
MS-302-19 SANCARGO,东田,19,,Hand Press  Juicer,手压榨汁机1158B款黑色,3pcs/ctn,3CTNS,9pcs,60,30,45,0.081CBM,0.243CBM,20.0KGS,60.0KGS,¥95.00,¥855.00,,
MS-302-15 SANCARGO,东田,15,,Ice Cream Cone Maker,双头雪糕皮机,1pcs/ctn,2CTNS,2pcs,55,41,31,0.070CBM,0.140CBM,11.0KGS,22.0KGS,¥550.00,"¥1,100.00",,
MS-302-28 SANCARGO,东田,28,,Electric Toaster,ETS-4片多士炉,4pcs/ctn,1CTNS,4pcs,67,31,53,0.110CBM,0.110CBM,18.5KGS,18.5KGS,¥280.00,"¥1,120.00",,
MS-302-3 SANCARGO,东田,3,,Food Mixer,B30B搅拌机,1pcs/ctn,1CTNS,1pcs,61,51,99,0.308CBM,0.308CBM,76.0KGS,76.0KGS,"¥2,000.00","¥2,000.00",,
MS-302-23 SANCARGO,东田,23,,Meat grinder,TK-22半钢绞肉机,1pcs/ctn,2CTNS,2pcs,51,38,53,0.103CBM,0.205CBM,27.0KGS,54.0KGS,¥850.00,"¥1,700.00",,
MS-302-27 SANCARGO,东田,27,,Electric  Plate Warming cart,双头暖碟车,1pcs/ctn,1CTNS,1pcs,101,53,100,0.535CBM,0.535CBM,60.0KGS,60.0KGS,"¥2,100.00","¥2,100.00",,
MS-302-22 SANCARGO,东田,22,,Meat grinder,,1pcs/ctn,2CTNS,2pcs,45,33,45,0.067CBM,0.134CBM,20.0KGS,40.0KGS,¥550.00,"¥1,100.00",,
MARKS 唛头,SHOP#,ITEM NO.,DESCRIPTION OF GOODS,,,PACKING,T.CTN,T.QTY,H,W,L,UNIT CBM,T.CBM,UNIT WEIGHT,T.WEIGHT,U.PRICE (RMB),T.AMOUNT,BOX .NO,REMMARK
MS-302-21 SANCARGO,东田,21,,Meat grinder,TK-8半钢绞肉机,1pcs/ctn,1CTNS,1pcs,37,25,40,0.037CBM,0.037CBM,12.0KGS,12.0KGS,¥390.00,¥390.00,,
MS-302-9 SANCARGO,东田,9,,Oven,MFT-11一层一盘电烤炉,1pcs/ctn,5CTNS,5pcs,101,46,66,0.307CBM,1.533CBM,47.0KGS,235.0KGS,¥900.00,"¥4,500.00",,
,,,,,,,63CTNS,,,,,,11.7575CBM,,1731.5KGS,,"¥30,995.00",,
TOTAL WEIGHT,,,,13027,KGS,reduce 81ctn,,,,,,,,,,,,,
TOTAL CBM,,,,87.2,CBM,,,,,,,,,,,,,,
TOTAL CARTON,,,,418,CTN,,,,,,,,,,,,,,
TOTAL COST,,,,"￥637,015",RMB,"$93,679",USD,"reduce details : 66 ctn (all underware,(60CTN underware in this container , 6ctn underware in MAG-5)) MS301-8*5CTN
MS301-10*2CTN MS303-6*8CTN",,,,,,,,,,,
26/03/2026 PAYMENT PAID IN CHINA,,,,,,"$10,000",USD,,,,,,,,,,,,
GOODS BALANCE,,,,,,"$83,679",USD,,,,,,,,,,,,
CREDIT SUPPORT TO MOMBASA,,,,,,"$1,674",USD,,,,,,,,,,,,
PIVOC,,,,,,$750,USD,,,,,,,,,,,,
YIWU-MOMBASA FREIGHT,,,,,,"$5,300",USD,,,,,,,,,,,,
TOTAL BALANCE,,,,,,"$91,402",USD,,,,,,,EXCHANGE RATE,,¥68.00,,,
Balance Payment Terms and Conditions,,,,,,,,,,,,,,,,,,,
"if outstanding balance is not paid within Five days(5)days after vessel arrival Mombasa, a 0.2% per day payment delay surcharge will be  charged",,,,,,,,,,,,,,,,,,,
"if outstanding balance is not paid within fifteen days(15)days after vessel arrival Mombasa, a 0.3% per day payment delay surcharge will be charged",,,,,,,,,,,,,,,,,,,
13/04/2026 PAYMENT,,,,,,"$20,000",USD,,,,,,,,,,,,
10/04/2027 PAYMENT,,,,,,"$5,574",USD,,,,,,,,,,,,
15/04/2028 PAYMENT,,,,,,"$14,000",USD,,,,,,,,,,,,
current balance,,,,,,"$51,828",USD,,,,,,,,,,,,
