MARKS,SHOP#,"ITEM
NO.",DESCRIPTION OF GOODS,,,PACKING,T.CTN,T.QTY,T.CBM,"UNIT
WEIGHT",T.WEIGHT,U.PRICE (RMB),T.AMOUNT,,
NEW ORDER,,,,,,,,,,,,,,,
MS-T-201-1 SANCARGO,山屏,1,,Bamboo tray,318#绿格托盘,15pcs/ctn,1CTNS,15pcs,0.088CBM,24.0KGS,24.0KGS,¥55.00,¥825.00,,
MS-T-201-2 SANCARGO,山屏,2,,Bamboo tray,218# 编织托盘,15pcs/ctn,1CTNS,15pcs,0.088CBM,24.0KGS,24.0KGS,¥57.00,¥855.00,,
MS-T-201-3 SANCARGO,山屏,3,,Bamboo tray,A002窗格提手托盘,10pcs/ctn,1CTNS,10pcs,0.110CBM,21.0KGS,21.0KGS,¥68.00,¥680.00,,
MS-T-201-4 SANCARGO,山屏,4,,Bamboo tray,双耳竹托盘三件套,10pcs/ctn,1CTNS,10pcs,0.139CBM,18.0KGS,18.0KGS,¥29.00,¥290.00,,
MS-T-201-5 SANCARGO,山屏,5,,Bamboo tray,303#竹席编织托盘,12pcs/ctn,1CTNS,12pcs,0.126CBM,24.0KGS,24.0KGS,¥85.00,"¥1,020.00",,
MS-T-201-6 SANCARGO,山屏,6,,Bamboo tray,金色圆棍托盘,10pcs/ctn,1CTNS,10pcs,0.111CBM,27.0KGS,27.0KGS,¥50.00,¥500.00,,
MS-T-201-7 SANCARGO,山屏,7,,Bamboo tray,蓝色大理石托盘三件套,10pcs/ctn,1CTNS,10pcs,0.111CBM,27.0KGS,27.0KGS,¥50.00,¥500.00,,
MS-T-202-1 SANCARGO,兴伟陶瓷,1,,Ceramic plates,13.5寸鱼盘,24pcs/ctn,6CTNS,144pcs,0.198CBM,29.0KGS,174.0KGS,¥6.80,¥979.20,,
MS-T-202-2 SANCARGO,兴伟陶瓷,2,,Ceramic plates,12寸平盘,24pcs/ctn,20CTNS,480pcs,0.577CBM,28.0KGS,560.0KGS,¥5.50,"¥2,640.00",,
MS-T-202-3 SANCARGO,兴伟陶瓷,3,,Ceramic plates,11寸平盘,24pcs/ctn,10CTNS,240pcs,0.252CBM,26.0KGS,260.0KGS,¥3.50,¥840.00,,
MS-T-202-4 SANCARGO,兴伟陶瓷,4,,Ceramic plates,10.5寸平盘,32pcs/ctn,70CTNS,2240pcs,1.918CBM,27.0KGS,1890.0KGS,¥3.30,"¥7,392.00",,
MS-T-202-5 SANCARGO,兴伟陶瓷,5,,Ceramic plates,10寸平盘,36pcs/ctn,20CTNS,720pcs,0.539CBM,25.0KGS,500.0KGS,¥3.10,"¥2,232.00",,
MS-T-202-6 SANCARGO,兴伟陶瓷,6,,Ceramic plates,7.5寸平盘,60pcs/ctn,10CTNS,600pcs,0.232CBM,26.0KGS,260.0KGS,¥1.50,¥900.00,,
MS-T-202-7 SANCARGO,兴伟陶瓷,7,,Ceramic plates,6寸平盘,110pcs/ctn,10CTNS,1100pcs,0.309CBM,27.0KGS,270.0KGS,¥1.35,"¥1,485.00",,
MARKS,SHOP#,"ITEM
NO.",DESCRIPTION OF GOODS,,,PACKING,T.CTN,T.QTY,T.CBM,"UNIT
WEIGHT",T.WEIGHT,U.PRICE (RMB),T.AMOUNT,,
MS-T-202-8 SANCARGO,兴伟陶瓷,8,,Ceramic cups,中古杯,60pcs/ctn,12CTNS,720pcs,0.632CBM,22.0KGS,264.0KGS,¥1.50,"¥1,080.00",,
MS-T-202-9 SANCARGO,兴伟陶瓷,9,,Ceramic cups,叠放杯,72pcs/ctn,10CTNS,720pcs,0.692CBM,22.0KGS,220.0KGS,¥1.50,"¥1,080.00",,
MS-T-203-1 SANCARGO,汇通玻璃,1,,Goblet,09*,36pcs/ctn,6CTNS,216pcs,0.843CBM,11.0KGS,66.0KGS,¥7.00,"¥1,512.00",,
MS-T-203-2 SANCARGO,汇通玻璃,2,,Goblet,08*,48pcs/ctn,6CTNS,288pcs,0.614CBM,8.0KGS,48.0KGS,¥6.50,"¥1,872.00",,
MS-T-203-3 SANCARGO,汇通玻璃,3,,Goblet,07*,48pcs/ctn,6CTNS,288pcs,1.031CBM,11.0KGS,66.0KGS,¥6.50,"¥1,872.00",,
MS-T-204-1 SANCARGO,雅露,1,,Ceramic cups,SG330,72pcs/ctn,25CTNS,1800pcs,1.693CBM,24.0KGS,600.0KGS,¥2.40,"¥4,320.00",,
MS-T-204-2 SANCARGO,雅露,2,,Ceramic cups,SG106,72pcs/ctn,25CTNS,1800pcs,1.952CBM,23.7KGS,592.5KGS,¥2.50,"¥4,500.00",,
MS-T-205-1 SANCARGO,兴伟陶瓷,1,,Ceramic plates,11寸平盘,24pcs/ctn,5CTNS,120pcs,0.126CBM,26.0KGS,130.0KGS,¥3.50,¥420.00,,
MS-T-205-2 SANCARGO,兴伟陶瓷,2,,Ceramic plates,10.5寸平盘,32pcs/ctn,10CTNS,320pcs,0.284CBM,27.0KGS,270.0KGS,¥3.30,"¥1,056.00",,
MS-T-205-3 SANCARGO,兴伟陶瓷,3,,Ceramic plates,10寸平盘,32pcs/ctn,5CTNS,160pcs,0.135CBM,25.0KGS,125.0KGS,¥3.10,¥496.00,,
MS-T-205-4 SANCARGO,兴伟陶瓷,4,,Ceramic plates,7.5寸平盘,60pcs/ctn,5CTNS,300pcs,0.116CBM,26.0KGS,130.0KGS,¥1.50,¥450.00,,
MS-T-205-5 SANCARGO,兴伟陶瓷,5,,Ceramic plates,6寸平盘,110pcs/ctn,3CTNS,330pcs,0.093CBM,27.0KGS,81.0KGS,¥1.35,¥445.50,,
MS-T-205-6 SANCARGO,兴伟陶瓷,6,,Ceramic plates,13.5寸鱼盘,24pcs/ctn,2CTNS,48pcs,0.066CBM,29.0KGS,58.0KGS,¥6.80,¥326.40,,
MS-T-205-7 SANCARGO,兴伟陶瓷,7,,Ceramic cups,中古杯,60pcs/ctn,6CTNS,360pcs,0.316CBM,22.0KGS,132.0KGS,¥1.50,¥540.00,,
MS-T-205-8 SANCARGO,兴伟陶瓷,8,,Ceramic cups,叠放杯,72pcs/ctn,5CTNS,360pcs,0.346CBM,22.0KGS,110.0KGS,¥1.50,¥540.00,,
MARKS,SHOP#,"ITEM
NO.",DESCRIPTION OF GOODS,,,PACKING,T.CTN,T.QTY,T.CBM,"UNIT
WEIGHT",T.WEIGHT,U.PRICE (RMB),T.AMOUNT,,
MS-T-207-1 SANCARGO,堂圩 翔之浩,1,,Ceramic cups,"新元祥多缤纷希诺杯
190912",48pcs/ctn,5CTNS,240pcs,0.400CBM,19.0KGS,95.0KGS,¥8.20,"¥1,968.00",,
MS-T-207-2 SANCARGO,堂圩 翔之浩,2,,Ceramic cups,雅诚德雅格杯D38,48pcs/ctn,2CTNS,96pcs,0.160CBM,15.0KGS,30.0KGS,¥6.00,¥576.00,,
MS-T-207-3 SANCARGO,堂圩 翔之浩,3,,Ceramic cups,"新元祥多缤纷希诺杯
190912",48pcs/ctn,10CTNS,480pcs,0.800CBM,20.0KGS,200.0KGS,¥8.20,"¥3,936.00",,
MS-T-207-4 SANCARGO,堂圩 翔之浩,4,,Ceramic cups,天美家德大号荣耀杯无盖1802,48pcs/ctn,20CTNS,960pcs,1.800CBM,21.0KGS,420.0KGS,¥8.40,"¥8,064.00",,
MS-T-208-1 SANCARGO,"兴源陶瓷
65042",1,,"Ceramic tableware
set",,2pcs/ctn,5CTNS,10pcs,0.237CBM,18.0KGS,90.0KGS,¥50.00,¥500.00,,
MS-T-208-2 SANCARGO,"兴源陶瓷
65042",2,,"Ceramic tableware
set",,2pcs/ctn,5CTNS,10pcs,0.218CBM,18.0KGS,90.0KGS,¥49.00,¥490.00,,
MS-T-208-3 SANCARGO,"兴源陶瓷
65042",3,,Ceramic plates,,24pcs/ctn,10CTNS,240pcs,0.286CBM,21.0KGS,210.0KGS,¥4.90,"¥1,176.00",,
MS-T-208-4 SANCARGO,"兴源陶瓷
65042",4,,Ceramic plates,,30pcs/ctn,3CTNS,90pcs,0.063CBM,15.0KGS,45.0KGS,¥3.60,¥324.00,,
MS-T-208-5 SANCARGO,"兴源陶瓷
65042",5,,Ceramic  bowls,,36pcs/ctn,3CTNS,108pcs,0.089CBM,18.0KGS,54.0KGS,¥3.60,¥388.80,,
MS-T-208-6 SANCARGO,"兴源陶瓷
65043",6,,Ceramic plates,,24pcs/ctn,20CTNS,480pcs,0.160CBM,27.0KGS,540.0KGS,¥4.90,"¥2,352.00",,
MS-T-208-7 SANCARGO,"兴源陶瓷
65044",7,,"Ceramic tableware
set",,2pcs/ctn,5CTNS,10pcs,0.470CBM,18.0KGS,90.0KGS,¥50.00,¥500.00,,
MS-T-208-8 SANCARGO,"兴源陶瓷
65045",8,,"Ceramic tableware
set",,2pcs/ctn,5CTNS,10pcs,0.470CBM,18.0KGS,90.0KGS,¥49.00,¥490.00,,
MS-T-209-1 SANCARGO,正旺,1,,Ceramic plates,LT079-A,24pcs/ctn,46CTNS,1104pcs,1.408CBM,22.6KGS,1039.6KGS,¥5.50,"¥6,072.00",,
MS-T-209-2 SANCARGO,正旺,2,,Ceramic  bowls,LT079-B,30pcs/ctn,7CTNS,210pcs,0.158CBM,15.4KGS,107.8KGS,¥3.80,¥798.00,,
MS-T-209-3 SANCARGO,正旺,3,,Ceramic  bowls,LT079-C,40pcs/ctn,10CTNS,400pcs,0.425CBM,22.4KGS,224.0KGS,¥3.80,"¥1,520.00",,
MARKS,SHOP#,"ITEM
NO.",DESCRIPTION OF GOODS,,,PACKING,T.CTN,T.QTY,T.CBM,"UNIT
WEIGHT",T.WEIGHT,U.PRICE (RMB),T.AMOUNT,,
MS-T-209-4 SANCARGO,正旺,4,,Ceramic cups,LT079-D,48pcs/ctn,20CTNS,960pcs,0.865CBM,19.2KGS,384.0KGS,¥2.60,"¥2,496.00",,
MS-T-210-1 SANCARGO,顺飞玻璃,1,,Glass casserole dish,9098T -5.4L 煲,4pcs/ctn,5CTNS,20pcs,0.245CBM,15.2KGS,76.0KGS,¥38.00,¥760.00,,
MS-T-210-2 SANCARGO,顺飞玻璃,2,,Glass casserole dish,9097T -3.5L 煲,6pcs/ctn,5CTNS,30pcs,0.265CBM,16.7KGS,83.5KGS,¥30.00,¥900.00,,
MS-T-210-3 SANCARGO,顺飞玻璃,3,,Glass casserole dish,"HMOC-2.8L
椭园煲",6pcs/ctn,5CTNS,30pcs,0.243CBM,15.0KGS,75.0KGS,¥26.50,¥795.00,,
MS-T-210-4 SANCARGO,顺飞玻璃,4,,Glass Jar,"6509-1500ML
竖纹扣瓶",24pcs/ctn,2CTNS,48pcs,0.167CBM,19.2KGS,38.4KGS,¥4.90,¥235.20,,
MS-T-210-5 SANCARGO,顺飞玻璃,5,,Glass Jar,"6504-1000ML
竖纹扣瓶",24pcs/ctn,2CTNS,48pcs,0.128CBM,15.6KGS,31.2KGS,¥4.50,¥216.00,,
MS-T-210-6 SANCARGO,顺飞玻璃,6,,Glass Jar,"6503-750ML
竖纹扣瓶",36pcs/ctn,1CTNS,36pcs,0.079CBM,19.8KGS,19.8KGS,¥3.80,¥136.80,,
MS-T-210-7 SANCARGO,顺飞玻璃,7,,Goblet,"WS-1096
香槟酒杯+蝴蝶花",48pcs/ctn,3CTNS,144pcs,0.230CBM,18.0KGS,54.0KGS,¥7.50,"¥1,080.00",,
MS-T-210-8 SANCARGO,顺飞玻璃,8,,Glass salad bowl,HM-C300沙拉碗,4pcs/ctn,2CTNS,8pcs,0.107CBM,8.0KGS,16.0KGS,¥26.00,¥208.00,,
MS-T-211-1 SANCARGO,万保餐具,1,,Melamine plate,,72pcs/ctn,20CTNS,1440pcs,2.580CBM,25.3KGS,506.0KGS,¥5.50,"¥7,920.00",,
MS-T-211-2 SANCARGO,万保餐具,2,,Melamine plate,,60pcs/ctn,20CTNS,1200pcs,0.840CBM,22.0KGS,440.0KGS,¥4.50,"¥5,400.00",,
MS-T-211-3 SANCARGO,万保餐具,3,,Melamine plate,,200pcs/ctn,5CTNS,1000pcs,0.305CBM,26.5KGS,132.5KGS,¥2.10,"¥2,100.00",,
MS-T-211-4 SANCARGO,万保餐具,4,,Melamine plate,,320pcs/ctn,2CTNS,640pcs,0.091CBM,27.0KGS,54.0KGS,¥1.50,¥960.00,,
MS-T-212-2 SANCARGO,盈隽金属,2,,Cookware,"18*10.5CM 24*7CM
24*13.5CM
26*14.5CM",2pcs/ctn,5CTNS,10pcs,0.376CBM,17.5KGS,87.5KGS,¥161.00,"¥1,610.00",,
MS-T-213-1 SANCARGO,盈隽金属,4,,Cookware,"18*10.5CM
20*11.5CM
24*13.5CM",2pcs/ctn,6CTNS,12pcs,0.390CBM,15.8KGS,94.8KGS,¥156.00,"¥1,872.00",,
MARKS,SHOP#,"ITEM
NO.",DESCRIPTION OF GOODS,,,PACKING,T.CTN,T.QTY,T.CBM,"UNIT
WEIGHT",T.WEIGHT,U.PRICE (RMB),T.AMOUNT,,
MS-T-213-2 SANCARGO,盈隽金属,5,,Cookware,"18*10.5CM 24*7CM
24*13.5CM
26*14.5CM",2pcs/ctn,3CTNS,6pcs,0.226CBM,17.5KGS,52.5KGS,¥161.00,¥966.00,,
MS-T-213-3 SANCARGO,盈隽金属,6,,Cookware,2.5L 16cm 18cm 20cm 24cm 24cm,2pcs/ctn,5CTNS,10pcs,0.384CBM,16.5KGS,82.5KGS,¥189.00,"¥1,890.00",,
MS-T-214-1 SANCARGO,嘉利,1,,"Ceramic plates with
Metal Stand",,6pcs/ctn,5CTNS,30pcs,0.349CBM,19.0KGS,95.0KGS,¥68.00,"¥2,040.00",,
MS-T-214-2 SANCARGO,嘉利,2,,"Ceramic plates with
Metal Stand",,4pcs/ctn,5CTNS,20pcs,0.033CBM,18.0KGS,90.0KGS,¥64.00,"¥1,280.00",,
MS-T-214-3 SANCARGO,嘉利,3,,"Ceramic plates with
Metal Stand",,6pcs/ctn,5CTNS,30pcs,0.338CBM,21.0KGS,105.0KGS,¥76.00,"¥2,280.00",,
MS-T-215-1 SANCARGO,鼎盛,1,,Insulated pot,"桃花四件套保温锅
2.5-5-8-16L",4pcs/ctn,6CTNS,24pcs,0.872CBM,13.5KGS,81.0KGS,¥188.00,"¥4,512.00",,
MS-T-215-2 SANCARGO,鼎盛,2,,Pressure cooker,5L高压锅 三叉,6pcs/ctn,4CTNS,24pcs,0.649CBM,15.3KGS,61.2KGS,¥146.00,"¥3,504.00",,
MS-T-215-3 SANCARGO,鼎盛,3,,Pressure cooker,6L高压锅 三叉,6pcs/ctn,4CTNS,24pcs,0.710CBM,15.5KGS,62.0KGS,¥155.00,"¥3,720.00",,
MS-T-215-4 SANCARGO,鼎盛,4,,Pressure cooker,7L高压锅 三叉,6pcs/ctn,4CTNS,24pcs,0.771CBM,16.0KGS,64.0KGS,¥160.00,"¥3,840.00",,
MS-T-215-5 SANCARGO,鼎盛,5,,Pressure cooker,9L高压锅 三叉,4pcs/ctn,4CTNS,16pcs,0.605CBM,14.5KGS,58.0KGS,¥178.00,"¥2,848.00",,
MS-T-215-6 SANCARGO,鼎盛,6,,Pressure cooker,12L高压锅 三叉,4pcs/ctn,4CTNS,16pcs,0.713CBM,16.0KGS,64.0KGS,¥200.00,"¥3,200.00",,
MS-T-215-7 SANCARGO,鼎盛,7,,Pressure cooker,30L高压锅 三叉,2pcs/ctn,2CTNS,4pcs,0.317CBM,13.5KGS,27.0KGS,¥345.00,"¥1,380.00",,
MS-T-215-9 SANCARGO,鼎盛,9,,Insulated pot,"桃花三件套保温锅
2.5-5-8L",8pcs/ctn,4CTNS,32pcs,0.691CBM,13.5KGS,54.0KGS,¥118.00,"¥3,776.00",,
MS-T-216-1 SANCARGO,鼎盛,1,,Pressure cooker,5L高压锅 三叉,6pcs/ctn,1CTNS,6pcs,0.164CBM,15.3KGS,15.3KGS,¥146.00,¥876.00,,
MS-T-216-2 SANCARGO,鼎盛,2,,Pressure cooker,6L高压锅 三叉,6pcs/ctn,1CTNS,6pcs,0.177CBM,15.5KGS,15.5KGS,¥155.00,¥930.00,,
MARKS,SHOP#,"ITEM
NO.",DESCRIPTION OF GOODS,,,PACKING,T.CTN,T.QTY,T.CBM,"UNIT
WEIGHT",T.WEIGHT,U.PRICE (RMB),T.AMOUNT,,
MS-T-216-3 SANCARGO,鼎盛,3,,Pressure cooker,7L高压锅 三叉,6pcs/ctn,1CTNS,6pcs,0.193CBM,16.0KGS,16.0KGS,¥160.00,¥960.00,,
MS-T-216-4 SANCARGO,鼎盛,4,,Pressure cooker,9L高压锅 三叉,4pcs/ctn,1CTNS,4pcs,0.151CBM,14.5KGS,14.5KGS,¥178.00,¥712.00,,
MS-T-216-5 SANCARGO,鼎盛,5,,Pressure cooker,12L高压锅 三叉,4pcs/ctn,1CTNS,4pcs,0.178CBM,16.0KGS,16.0KGS,¥200.00,¥800.00,,
MS-T-216-6 SANCARGO,鼎盛,6,,Pressure cooker,30L高压锅 三叉,2pcs/ctn,1CTNS,2pcs,0.159CBM,13.5KGS,13.5KGS,¥345.00,¥690.00,,
MS-T-216-7 SANCARGO,鼎盛,7,,Insulated pot,"桃花四件套保温锅
2.5-5-8-16L",4pcs/ctn,1CTNS,4pcs,0.145CBM,13.5KGS,13.5KGS,¥188.00,¥752.00,,
MS-T-216-8 SANCARGO,鼎盛,8,,Insulated pot,"桃花三件套保温锅
2.5-5-8L",8pcs/ctn,1CTNS,8pcs,0.173CBM,13.0KGS,13.0KGS,¥118.00,¥944.00,,
MS-T-216-9 SANCARGO,鼎盛,9,,Cookware,三件套套锅 HF-8544,4pcs/ctn,2CTNS,8pcs,0.119CBM,15.0KGS,30.0KGS,¥75.00,¥600.00,,
MS-T-217-1 SANCARGO,邦达,1,,Food flask,"布袋、混
（再配一个勺子）",12pcs/ctn,1CTNS,12pcs,0.094CBM,22.0KGS,22.0KGS,¥50.00,¥600.00,,
MS-T-217-2 SANCARGO,邦达,2,,Food flask,"布袋、混
（再配一个勺子）",12pcs/ctn,1CTNS,12pcs,0.110CBM,27.0KGS,27.0KGS,¥70.00,¥840.00,,
MS-T-217-3 SANCARGO,邦达,3,,Vacuum Flask,,12pcs/ctn,2CTNS,24pcs,0.300CBM,18.0KGS,36.0KGS,¥75.00,"¥1,800.00",,
MS-T-217-4 SANCARGO,邦达,4,,Vacuum Flask,本色,9pcs/ctn,2CTNS,18pcs,0.273CBM,20.0KGS,40.0KGS,¥114.00,"¥2,052.00",,
MS-T-217-5 SANCARGO,邦达,5,,Vacuum Flask,混,16pcs/ctn,2CTNS,32pcs,0.251CBM,19.0KGS,38.0KGS,¥45.00,"¥1,440.00",,
MS-T-217-6 SANCARGO,邦达,6,,Vacuum Flask,混,16pcs/ctn,2CTNS,32pcs,0.269CBM,22.0KGS,44.0KGS,¥50.00,"¥1,600.00",,
MS-T-217-7 SANCARGO,邦达,7,,Vacuum Flask,本、兰混,12pcs/ctn,2CTNS,24pcs,0.204CBM,14.0KGS,28.0KGS,¥50.00,"¥1,200.00",,
MS-T-217-8 SANCARGO,邦达,8,,Vacuum Flask,白、兰、红混,12pcs/ctn,2CTNS,24pcs,0.178CBM,12.0KGS,24.0KGS,¥45.00,"¥1,080.00",,
MARKS,SHOP#,"ITEM
NO.",DESCRIPTION OF GOODS,,,PACKING,T.CTN,T.QTY,T.CBM,"UNIT
WEIGHT",T.WEIGHT,U.PRICE (RMB),T.AMOUNT,,
MS-T-218-1 SANCARGO,邦达,9,,Food flask,"布袋、混
（再配一个勺子）",12pcs/ctn,12CTNS,144pcs,1.122CBM,22.0KGS,264.0KGS,¥50.00,"¥7,200.00",,
MS-T-218-2 SANCARGO,邦达,10,,Food flask,"布袋、混
（再配一个勺子）",12pcs/ctn,11CTNS,132pcs,1.212CBM,27.0KGS,297.0KGS,¥70.00,"¥9,240.00",,
MS-T-218-3 SANCARGO,邦达,11,,Vacuum Flask,混,12pcs/ctn,2CTNS,24pcs,0.300CBM,18.0KGS,36.0KGS,¥75.00,"¥1,800.00",,
MS-T-218-4 SANCARGO,邦达,12,,Vacuum Flask,白色、清装,9pcs/ctn,3CTNS,27pcs,0.409CBM,20.0KGS,60.0KGS,¥114.00,"¥3,078.00",,
MS-T-218-5 SANCARGO,邦达,13,,Vacuum Flask,本色、清装,9pcs/ctn,7CTNS,63pcs,1.103CBM,20.0KGS,140.0KGS,¥114.00,"¥7,182.00",,
MS-T-218-6 SANCARGO,邦达,14,,Vacuum Flask,混,16pcs/ctn,5CTNS,80pcs,0.673CBM,21.6KGS,108.0KGS,¥50.00,"¥4,000.00",,
MS-T-218-7 SANCARGO,邦达,15,,Vacuum Flask,混,16pcs/ctn,10CTNS,160pcs,1.253CBM,19.0KGS,190.0KGS,¥45.00,"¥7,200.00",,
MS-T-218-8 SANCARGO,邦达,16,,Vacuum Flask,本、兰混,12pcs/ctn,5CTNS,60pcs,0.509CBM,14.0KGS,70.0KGS,¥50.00,"¥3,000.00",,
MS-T-218-9 SANCARGO,邦达,17,,Vacuum Flask,白、兰、红混,12pcs/ctn,5CTNS,60pcs,0.445CBM,13.0KGS,65.0KGS,¥45.00,"¥2,700.00",,
MS-T-219-1 SANCARGO,马腾,1,,Glass Tea pot,Q16187-1提栏壶单只透明,24pcs/ctn,3CTNS,72pcs,0.300CBM,12.8KGS,38.4KGS,¥28.00,"¥2,016.00",,
,,,,,,,,,,,,,,,25
,,,,,,,,,,,,,,,
MS-T-219-2 SANCARGO,马腾,2,,Electric Ceramic Stove,J3简造小钢炮电陶炉 1200W-木纹色,20pcs/ctn,3CTNS,60pcs,0.330CBM,18.0KGS,54.0KGS,¥80.00,"¥4,800.00",,
MS-T-219-3 SANCARGO,马腾,3,,Electric Ceramic Stove,V17冰花色电陶炉 1500W,10pcs/ctn,5CTNS,50pcs,0.235CBM,18.0KGS,90.0KGS,¥95.00,"¥4,750.00",,
MS-T-219-4 SANCARGO,马腾,4,,Glass Tea pot,Q16182-1提栏壶单只透明 六角竖纹,24pcs/ctn,3CTNS,72pcs,0.300CBM,12.8KGS,38.4KGS,¥26.00,"¥1,872.00",,
MS-T-220-1 SANCARGO,大壮,1,,Ceramic plates,"10.5""蓝鲸盘",30pcs/ctn,20CTNS,600pcs,0.810CBM,25.0KGS,500.0KGS,¥3.00,"¥1,800.00",,
MS-T-220-3 SANCARGO,大壮,3,,Ceramic  bowls,"5.5""蓝鲸碗",48pcs/ctn,5CTNS,240pcs,0.233CBM,24.0KGS,120.0KGS,¥1.60,¥384.00,,
MARKS,SHOP#,"ITEM
NO.",DESCRIPTION OF GOODS,,,PACKING,T.CTN,T.QTY,T.CBM,"UNIT
WEIGHT",T.WEIGHT,U.PRICE (RMB),T.AMOUNT,,
MS-T-220-4 SANCARGO,大壮,4,,Ceramic plates,"10.5""蓝鲸黑线盘",30pcs/ctn,20CTNS,600pcs,0.731CBM,24.0KGS,480.0KGS,¥3.00,"¥1,800.00",,
MS-T-220-5 SANCARGO,大壮,5,,Ceramic plates,"8""蓝鲸黑线盘",60pcs/ctn,5CTNS,300pcs,0.199CBM,24.0KGS,120.0KGS,¥1.80,¥540.00,,
MS-T-220-6 SANCARGO,大壮,6,,Ceramic  bowls,"6""蓝鲸黑线碗",48pcs/ctn,5CTNS,240pcs,0.211CBM,24.0KGS,120.0KGS,¥1.60,¥384.00,,
MS-T-220-7 SANCARGO,大壮,7,,Ceramic plates,"10""黑盘",24pcs/ctn,12CTNS,288pcs,0.501CBM,24.0KGS,288.0KGS,¥5.30,"¥1,526.40",,
MS-T-220-8 SANCARGO,大壮,8,,Ceramic plates,"8""黑盘",52pcs/ctn,5CTNS,260pcs,0.139CBM,24.0KGS,120.0KGS,¥3.00,¥780.00,,
MS-T-220-9 SANCARGO,大壮,9,,Ceramic plates,"5.5""黑盘",44pcs/ctn,6CTNS,264pcs,0.265CBM,24.0KGS,144.0KGS,¥3.00,¥792.00,,
MS-T-220-10 SANCARGO,大壮,10,,Ceramic cups,黑杯,72pcs/ctn,4CTNS,288pcs,0.250CBM,24.0KGS,96.0KGS,¥2.80,¥806.40,,
MS-T-221-1 SANCARGO,大壮,11,,Ceramic plates,"10.5""蓝鲸盘",26pcs/ctn,24CTNS,624pcs,0.780CBM,23.0KGS,552.0KGS,¥3.00,"¥1,872.00",,
MS-T-221-1 SANCARGO,大壮,11,,Ceramic plates,"10.5""蓝鲸盘",30pcs/ctn,6CTNS,180pcs,0.243CBM,25.0KGS,150.0KGS,¥3.00,¥540.00,,
MS-T-221-3 SANCARGO,大壮,13,,Ceramic  bowls,"5.5""蓝鲸碗",48pcs/ctn,10CTNS,480pcs,0.446CBM,24.0KGS,240.0KGS,¥1.60,¥768.00,,
MS-T-221-4 SANCARGO,大壮,14,,Ceramic plates,"10.5""蓝鲸黑线盘",30pcs/ctn,30CTNS,900pcs,1.096CBM,24.0KGS,720.0KGS,¥3.00,"¥2,700.00",,
MS-T-221-5 SANCARGO,大壮,15,,Ceramic plates,"8""蓝鲸黑线盘",60pcs/ctn,5CTNS,300pcs,0.199CBM,24.0KGS,120.0KGS,¥1.80,¥540.00,,
MS-T-221-6 SANCARGO,大壮,16,,Ceramic  bowls,"6""蓝鲸黑线碗",48pcs/ctn,10CTNS,480pcs,0.423CBM,23.0KGS,230.0KGS,¥1.60,¥768.00,,
MS-T-222-1 SANCARGO,悠肯,1,,Cookware,VK-49 Black,2pcs/ctn,1CTNS,2pcs,0.093CBM,22.1KGS,22.1KGS,¥285.00,¥570.00,,
MS-T-222-2 SANCARGO,悠肯,2,,Cookware,VK-49 Red,2pcs/ctn,1CTNS,2pcs,0.093CBM,22.1KGS,22.1KGS,¥285.00,¥570.00,,
MARKS,SHOP#,"ITEM
NO.",DESCRIPTION OF GOODS,,,PACKING,T.CTN,T.QTY,T.CBM,"UNIT
WEIGHT",T.WEIGHT,U.PRICE (RMB),T.AMOUNT,,
MS-T-222-3 SANCARGO,悠肯,3,,Cookware,VK-105 Black,2pcs/ctn,1CTNS,2pcs,0.092CBM,20.1KGS,20.1KGS,¥310.00,¥620.00,,
MS-T-222-4 SANCARGO,悠肯,4,,Cookware,VK-105 Green,2pcs/ctn,1CTNS,2pcs,0.092CBM,20.1KGS,20.1KGS,¥310.00,¥620.00,,
MS-T-222-5 SANCARGO,悠肯,5,,Cookware,VK-22 White,2pcs/ctn,1CTNS,2pcs,0.091CBM,17.9KGS,17.9KGS,¥365.00,¥730.00,,
MS-T-222-6 SANCARGO,悠肯,6,,Cookware,VK-6 Purple,1pcs/ctn,2CTNS,2pcs,0.116CBM,10.3KGS,20.5KGS,¥295.00,¥590.00,,
MS-T-222-7 SANCARGO,悠肯,7,,Cookware,VK-33 Cream,1pcs/ctn,2CTNS,2pcs,0.092CBM,14.6KGS,29.2KGS,¥310.00,¥620.00,,
MS-T-222-8 SANCARGO,悠肯,8,,Cookware,VK-201 Black,2pcs/ctn,2CTNS,4pcs,0.138CBM,19.0KGS,38.0KGS,¥228.00,¥912.00,,
MS-T-222-9 SANCARGO,悠肯,9,,Cookware,VK-201 Grey,2pcs/ctn,2CTNS,4pcs,0.138CBM,19.0KGS,38.0KGS,¥228.00,¥912.00,,
MS-T-223-1 SANCARGO,亿达,1,,Blender,BS插 搅拌机 MIB-129P 6in1,6pcs/ctn,2CTNS,12pcs,0.299CBM,21.4KGS,42.8KGS,¥133.00,"¥1,596.00",,
MS-T-223-3 SANCARGO,亿达,3,,Blender,BS插 搅拌机 MNB-128P 2in1,6pcs/ctn,2CTNS,12pcs,0.282CBM,14.3KGS,28.5KGS,¥80.00,¥960.00,,
MS-T-223-5 SANCARGO,亿达,5,,Air fryer,空气炸锅MNF-8506 12L,2pcs/ctn,2CTNS,4pcs,0.272CBM,14.3KGS,28.6KGS,¥170.00,¥680.00,,
MS-T-223-6 SANCARGO,亿达,6,,Air fryer,空气炸锅MF-7730S 12L,2pcs/ctn,2CTNS,4pcs,0.284CBM,15.6KGS,31.1KGS,¥196.00,¥784.00,,
MS-T-223-7 SANCARGO,亿达,7,,Air fryer,空气炸锅MF-10061A 7L+7L,1pcs/ctn,4CTNS,4pcs,0.546CBM,20.6KGS,82.2KGS,¥307.00,"¥1,228.00",,
MS-T-223-8 SANCARGO,亿达,8,,Rice cooker,电饭煲 CCR-2027 6L,4pcs/ctn,2CTNS,8pcs,0.322CBM,21.0KGS,42.0KGS,¥126.00,"¥1,008.00",,
MS-T-223-9 SANCARGO,亿达,9,,Microwave oven,微波炉 MIV-E75 20L,1pcs/ctn,2CTNS,2pcs,0.137CBM,11.9KGS,23.7KGS,¥258.00,¥516.00,,
MS-T-224-2 SANCARGO,明路,4,,Ceramic Canister Set with bamboo Tray,SCT-653,18pcs/ctn,2CTNS,36pcs,0.191CBM,24.4KGS,48.8KGS,¥30.50,"¥1,098.00",,
MARKS,SHOP#,"ITEM
NO.",DESCRIPTION OF GOODS,,,PACKING,T.CTN,T.QTY,T.CBM,"UNIT
WEIGHT",T.WEIGHT,U.PRICE (RMB),T.AMOUNT,,
MS-T-224-4 SANCARGO,明路,6,,Ceramic Canister Set with bamboo Tray,SCT-658,24pcs/ctn,2CTNS,48pcs,0.252CBM,33.4KGS,66.8KGS,¥29.50,"¥1,416.00",,
MS-T-224-5 SANCARGO,明路,7,,Ceramic Canister Set with bamboo Tray,SCT-637,18pcs/ctn,2CTNS,36pcs,0.196CBM,28.0KGS,56.0KGS,¥30.50,"¥1,098.00",,
MS-T-224-6 SANCARGO,明路,8,,Ceramic plates,ST-705,30pcs/ctn,6CTNS,180pcs,0.297CBM,27.0KGS,162.0KGS,¥4.50,¥810.00,,
MS-T-225-1 SANCARGO,佛伦斯,1,,Ceramic Canister Set with bamboo Tray,,16pcs/ctn,1CTNS,16pcs,0.110CBM,32.0KGS,32.0KGS,¥38.00,¥608.00,,
MS-T-225-2 SANCARGO,佛伦斯,2,,Ceramic Canister Set with bamboo Tray,,16pcs/ctn,1CTNS,16pcs,0.099CBM,32.0KGS,32.0KGS,¥38.00,¥608.00,,
MS-T-225-3 SANCARGO,佛伦斯,3,,Ceramic Canister Set with bamboo Tray,,16pcs/ctn,1CTNS,16pcs,0.099CBM,32.0KGS,32.0KGS,¥38.00,¥608.00,,
MS-T-225-4 SANCARGO,佛伦斯,4,,Ceramic Canister Set with bamboo Tray,,12pcs/ctn,1CTNS,12pcs,0.088CBM,27.0KGS,27.0KGS,¥38.00,¥456.00,,
MS-T-226-1 SANCARGO,龙凤保温瓶,1,,Vacuum Flask,TF-R100G-1,12pcs/ctn,2CTNS,24pcs,0.190CBM,10.7KGS,21.4KGS,¥49.00,"¥1,176.00",,
MS-T-226-2 SANCARGO,龙凤保温瓶,2,,Vacuum Flask,TE-R100FG-1,12pcs/ctn,2CTNS,24pcs,0.181CBM,13.8KGS,27.6KGS,¥56.00,"¥1,344.00",,
MS-T-226-3 SANCARGO,龙凤保温瓶,3,,Vacuum Flask,QAA-200G-1,12pcs/ctn,2CTNS,24pcs,0.193CBM,13.8KGS,27.6KGS,¥65.00,"¥1,560.00",,
MS-T-226-4 SANCARGO,龙凤保温瓶,4,,Vacuum Flask,QB-200-3,12pcs/ctn,2CTNS,24pcs,0.002CBM,14.9KGS,29.8KGS,¥70.00,"¥1,680.00",,
MS-T-226-5 SANCARGO,龙凤保温瓶,5,,Vacuum Flask,SS20KK,12pcs/ctn,2CTNS,24pcs,0.017CBM,10.5KGS,21.0KGS,¥32.00,¥768.00,,
MS-T-226-6 SANCARGO,龙凤保温瓶,6,,Vacuum Flask,SS30T,12pcs/ctn,2CTNS,24pcs,0.227CBM,15.2KGS,30.4KGS,¥39.00,¥936.00,,
MS-T-226-7 SANCARGO,龙凤保温瓶,7,,"Insulated drink
Dispenser",IDB-1000SA2CTM,6pcs/ctn,1CTNS,6pcs,0.158CBM,13.2KGS,13.2KGS,¥72.00,¥432.00,,
MS-T-226-8 SANCARGO,龙凤保温瓶,8,,"Insulated drink
Dispenser",IDG-1500SA2CTM,3pcs/ctn,3CTNS,9pcs,0.495CBM,13.4KGS,40.1KGS,¥165.00,"¥1,485.00",,
MARKS,SHOP#,"ITEM
NO.",DESCRIPTION OF GOODS,,,PACKING,T.CTN,T.QTY,T.CBM,"UNIT
WEIGHT",T.WEIGHT,U.PRICE (RMB),T.AMOUNT,,
MS-T-227-1 SANCARGO,康达,18,,Dish Rack,"KD16-082，
Dish Rack，
椭圆形大号3层碗碟",6pcs/ctn,1CTNS,6pcs,0.144CBM,20.7KGS,20.7KGS,¥65.00,¥390.00,,
MS-T-227-2 SANCARGO,康达,19,,Dish Rack,"KD42-064AH，
Dish Rack，
方形3层碗架 黑色",6pcs/ctn,1CTNS,6pcs,0.118CBM,16.0KGS,16.0KGS,¥65.00,¥390.00,,
MS-T-227-3 SANCARGO,康达,20,,Dish Rack,"KD42-064A，
Dish Rack，
方形3层碗架 银色",6pcs/ctn,1CTNS,6pcs,0.118CBM,16.0KGS,16.0KGS,¥65.00,¥390.00,,
MS-T-227-4 SANCARGO,康达,21,,Dish Rack,"KD16-082H，
Dish Rack，
椭圆形大号3层碗碟",6pcs/ctn,1CTNS,6pcs,0.144CBM,20.7KGS,20.7KGS,¥65.00,¥390.00,,
MS-T-227-5 SANCARGO,康达,22,,Dish Rack,"KD17-215，
Dish Rack，
三层碗碟架 本色 全",6pcs/ctn,1CTNS,6pcs,0.174CBM,18.4KGS,18.4KGS,¥77.00,¥462.00,,
MS-T-227-6 SANCARGO,康达,23,,Dish Rack,"KD17-212A，
Dish Rack，
B型朝上碗碟架*三",6pcs/ctn,1CTNS,6pcs,0.230CBM,22.8KGS,22.8KGS,¥108.00,¥648.00,,
MS-T-227-7 SANCARGO,康达,24,,Dish Rack,"KD64-060，
Rack，
彩盒双层碗碟架 黑",6pcs/ctn,1CTNS,6pcs,0.109CBM,0.0KGS,0.0KGS,¥57.00,¥342.00,,
MS-T-227-8 SANCARGO,康达,26,,Dish Rack,"KD64-059，
Rack，
彩盒双层碗碟架 黑",6pcs/ctn,1CTNS,6pcs,0.108CBM,0.0KGS,0.0KGS,¥57.00,¥342.00,,
MS-T-227-9 SANCARGO,康达,27,,Cup  Stand,"KD42-4519B，
Cup  Stand，
粗U形六杯架 黑镍",24pcs/ctn,1CTNS,24pcs,0.061CBM,20.0KGS,20.0KGS,¥11.00,¥264.00,,
MS-T-227-10 SANCARGO,康达,28,,Cup  Stand,"KD63-218A，
Cup Stand，
粗V形杯架 炝黑",24pcs/ctn,1CTNS,24pcs,0.051CBM,19.5KGS,19.5KGS,¥8.80,¥211.20,,
MS-T-227-11 SANCARGO,康达,29,,Cup  Stand,"KD63-219B，
Cup Stand，
粗U形杯架 黄金色",24pcs/ctn,1CTNS,24pcs,0.051CBM,20.2KGS,20.2KGS,¥9.20,¥220.80,,
MS-T-227-12 SANCARGO,康达,30,,Cup  Stand,"KD117-216，
Cup Stand，
S形杯架 电泳金",24pcs/ctn,1CTNS,24pcs,0.042CBM,9.3KGS,9.3KGS,¥12.50,¥300.00,,
MS-T-227-13 SANCARGO,康达,31,,Cup  Stand,"KD117-216A，
Cup Stand， S形杯架 银色",24pcs/ctn,1CTNS,24pcs,0.042CBM,9.3KGS,9.3KGS,¥12.00,¥288.00,,
MS-T-227-14 SANCARGO,康达,32,,"Foldable Storage
Basket","KD60-5288，
Storage Basket， 大号多变篮 电泳金",50pcs/ctn,1CTNS,50pcs,0.059CBM,15.0KGS,15.0KGS,¥10.00,¥500.00,,
MS-T-227-15 SANCARGO,康达,33,,Kitchen tool holder,"KD225-008，
tool holder，
桌面刀架（带筷筒）",12pcs/ctn,1CTNS,12pcs,0.112CBM,13.9KGS,13.9KGS,¥45.00,¥540.00,,
MARKS,SHOP#,"ITEM
NO.",DESCRIPTION OF GOODS,,,PACKING,T.CTN,T.QTY,T.CBM,"UNIT
WEIGHT",T.WEIGHT,U.PRICE (RMB),T.AMOUNT,,
MS-T-227-16 SANCARGO,康达,34,,Cup  Stand,"KD225-002，
Cup Stand， 桌面杯架 银色",12pcs/ctn,1CTNS,12pcs,0.142CBM,9.0KGS,9.0KGS,¥31.00,¥372.00,,
MS-T-227-17 SANCARGO,康达,35,,"Foldable Storage
Basket","KD60-5282，
Storage Basket，大号多变篮 黑镍",50pcs/ctn,1CTNS,50pcs,0.059CBM,15.0KGS,15.0KGS,¥10.20,¥510.00,,
MS-T-228-1 SANCARGO,泊洋工艺,7,,Ceramic Tea Set,转盘浪花纹水具,6pcs/ctn,1CTNS,6pcs,0.230CBM,26.0KGS,26.0KGS,¥118.00,¥708.00,,
MS-T-228-2 SANCARGO,泊洋工艺,8,,Ceramic Tea Set,转盘白纹玉兰水具,6pcs/ctn,1CTNS,6pcs,0.230CBM,26.0KGS,26.0KGS,¥118.00,¥708.00,,
MS-T-228-3 SANCARGO,泊洋工艺,9,,Ceramic Tea Set,250ML条纹杯混色 6 cup and 6 saucer,8pcs/ctn,1CTNS,8pcs,0.135CBM,35.0KGS,35.0KGS,¥108.00,¥864.00,,
MS-T-228-4 SANCARGO,泊洋工艺,10,,Ceramic Canister Set,甜甜圈套三白+浅咖调味罐,16pcs/ctn,1CTNS,16pcs,0.090CBM,35.0KGS,35.0KGS,¥35.00,¥560.00,,
MS-T-228-5 SANCARGO,泊洋工艺,11,,Ceramic Canister Set,甜甜圈套三绿色调味罐,16pcs/ctn,1CTNS,16pcs,0.090CBM,27.0KGS,27.0KGS,¥35.00,¥560.00,,
MS-T-228-6 SANCARGO,泊洋工艺,12,,Ceramic Tea Set,1壶6杯+大号蝴蝶托盘,6pcs/ctn,1CTNS,6pcs,0.180CBM,27.0KGS,27.0KGS,¥105.00,¥630.00,,
MS-T-229-1 SANCARGO,以辰,1,,Vacuum Flask,JK4000,9pcs/ctn,2CTNS,18pcs,0.280CBM,21.0KGS,42.0KGS,¥100.00,"¥1,800.00",,
MS-T-229-2 SANCARGO,以辰,2,,Vacuum Flask,JK3000,9pcs/ctn,1CTNS,9pcs,0.120CBM,18.0KGS,18.0KGS,¥95.00,¥855.00,,
MS-T-229-3 SANCARGO,以辰,3,,Vacuum Flask,JKX5000,9pcs/ctn,2CTNS,18pcs,0.320CBM,23.0KGS,46.0KGS,¥110.00,"¥1,980.00",,
MS-T-229-4 SANCARGO,以辰,4,,Vacuum Flask,JKX4000,9pcs/ctn,2CTNS,18pcs,0.280CBM,21.0KGS,42.0KGS,¥100.00,"¥1,800.00",,
MS-T-229-5 SANCARGO,以辰,5,,Vacuum Bottles,SC-550,50pcs/ctn,1CTNS,50pcs,0.120CBM,20.0KGS,20.0KGS,¥30.00,"¥1,500.00",,
MS-T-229-6 SANCARGO,以辰,6,,Vacuum Bottles,XL550MG,50pcs/ctn,1CTNS,50pcs,0.090CBM,18.0KGS,18.0KGS,¥16.00,¥800.00,,
MS-T-229-7 SANCARGO,以辰,7,,Vacuum Bottles,XL750MG,40pcs/ctn,3CTNS,120pcs,0.270CBM,19.0KGS,57.0KGS,¥21.00,"¥2,520.00",,
MARKS,SHOP#,"ITEM
NO.",DESCRIPTION OF GOODS,,,PACKING,T.CTN,T.QTY,T.CBM,"UNIT
WEIGHT",T.WEIGHT,U.PRICE (RMB),T.AMOUNT,,
MS-T-229-8 SANCARGO,以辰,8,,Vacuum Bottles,XL-750TS,50pcs/ctn,1CTNS,50pcs,0.100CBM,19.0KGS,19.0KGS,¥19.50,¥975.00,,
MS-T-229-9 SANCARGO,以辰,9,,Vacuum Bottles,Y12-750,50pcs/ctn,3CTNS,150pcs,0.300CBM,18.0KGS,54.0KGS,¥21.50,"¥3,225.00",,
MS-T-229-10 SANCARGO,以辰,10,,Vacuum Bottles,YSM-800,40pcs/ctn,1CTNS,40pcs,0.140CBM,25.0KGS,25.0KGS,¥20.00,¥800.00,,
MS-T-230-1 SANCARGO,潮美陶瓷,1,,Casserole dishes,"WQH-10寸汤
锅（B）",12pcs/ctn,3CTNS,36pcs,0.300CBM,31.0KGS,93.0KGS,¥29.00,"¥1,044.00",,
MS-T-230-2 SANCARGO,潮美陶瓷,2,,Casserole dishes,"WQH-10寸汤
锅（C）",12pcs/ctn,3CTNS,36pcs,0.300CBM,31.0KGS,93.0KGS,¥29.00,"¥1,044.00",,
MS-T-230-3 SANCARGO,潮美陶瓷,3,,Casserole dishes,"WQH-10寸汤
锅（D）",12pcs/ctn,3CTNS,36pcs,0.300CBM,31.0KGS,93.0KGS,¥29.00,"¥1,044.00",,
MS-T-230-4 SANCARGO,潮美陶瓷,4,,Casserole dishes,"WQH-10寸汤
锅（G）",12pcs/ctn,3CTNS,36pcs,0.300CBM,31.0KGS,93.0KGS,¥29.00,"¥1,044.00",,
MS-T-230-5 SANCARGO,潮美陶瓷,5,,Casserole dishes,"ZJ-8""英式汤窝 (波点）",20pcs/ctn,1CTNS,20pcs,0.100CBM,34.3KGS,34.3KGS,¥31.00,¥620.00,,
MS-T-230-6 SANCARGO,潮美陶瓷,6,,Casserole dishes,"ZJ-8""英式汤窝
（白色)",20pcs/ctn,1CTNS,20pcs,0.100CBM,34.3KGS,34.3KGS,¥31.00,¥620.00,,
MS-T-230-7 SANCARGO,潮美陶瓷,7,,Casserole dishes,"WQH-3PC汤
锅（金线）",6pcs/ctn,2CTNS,12pcs,0.200CBM,29.0KGS,58.0KGS,¥65.00,¥780.00,,
MS-T-231-1 SANCARGO,记忆,1,,Stainer,16CM,100pcs/ctn,1CTNS,100pcs,0.055CBM,18.0KGS,18.0KGS,¥6.30,¥630.00,,
MS-T-231-2 SANCARGO,记忆,2,,Stainer,22CM,100pcs/ctn,1CTNS,100pcs,0.101CBM,30.0KGS,30.0KGS,¥8.20,¥820.00,,
MS-T-231-3 SANCARGO,记忆,3,,Stainer,28CM,60pcs/ctn,1CTNS,60pcs,0.162CBM,40.0KGS,40.0KGS,¥11.50,¥690.00,,
MS-T-231-4 SANCARGO,记忆,4,,Knife,TABLE KNIFE,600pcs/ctn,1CTNS,600pcs,0.019CBM,38.0KGS,38.0KGS,¥2.00,"¥1,200.00",,
MS-T-231-5 SANCARGO,记忆,5,,Knife,STICK KNIFE,600pcs/ctn,1CTNS,600pcs,0.019CBM,38.0KGS,38.0KGS,¥2.00,"¥1,200.00",,
MARKS,SHOP#,"ITEM
NO.",DESCRIPTION OF GOODS,,,PACKING,T.CTN,T.QTY,T.CBM,"UNIT
WEIGHT",T.WEIGHT,U.PRICE (RMB),T.AMOUNT,,
MS-T-231-6 SANCARGO,记忆,6,,Spoon,BIG SPOON,600pcs/ctn,1CTNS,600pcs,0.019CBM,28.0KGS,28.0KGS,¥1.25,¥750.00,,
MS-T-231-7 SANCARGO,记忆,7,,Fork,BIG FORK,600pcs/ctn,1CTNS,600pcs,0.019CBM,16.0KGS,16.0KGS,¥1.25,¥750.00,,
MS-T-231-8 SANCARGO,记忆,8,,Spoon,ICE SPOON,600pcs/ctn,1CTNS,600pcs,0.008CBM,17.0KGS,17.0KGS,¥1.05,¥630.00,,
MS-T-231-9 SANCARGO,记忆,9,,Spoon,TEA SPOON,600pcs/ctn,1CTNS,600pcs,0.008CBM,15.0KGS,15.0KGS,¥1.00,¥600.00,,
MS-T-231-10 SANCARGO,记忆,10,,Knife,STICK KNIFE,300pcs/ctn,1CTNS,300pcs,0.019CBM,38.0KGS,38.0KGS,¥4.50,"¥1,350.00",,
MS-T-231-11 SANCARGO,记忆,11,,Spoon,BIG SPOON,300pcs/ctn,1CTNS,300pcs,0.019CBM,28.0KGS,28.0KGS,¥4.20,"¥1,260.00",,
MS-T-231-12 SANCARGO,记忆,12,,Fork,BIG FORK,300pcs/ctn,1CTNS,300pcs,0.019CBM,26.0KGS,26.0KGS,¥4.20,"¥1,260.00",,
MS-T-231-13 SANCARGO,记忆,13,,Spoon,TEA SPOON,300pcs/ctn,1CTNS,300pcs,0.008CBM,15.0KGS,15.0KGS,¥3.20,¥960.00,,
MS-T-231-14 SANCARGO,记忆,14,,Spoon,BIG SPOON,600pcs/ctn,1CTNS,600pcs,0.034CBM,28.0KGS,28.0KGS,¥2.80,"¥1,680.00",,
MS-T-231-15 SANCARGO,记忆,15,,Fork,BIG FORK,600pcs/ctn,1CTNS,600pcs,0.034CBM,26.0KGS,26.0KGS,¥2.80,"¥1,680.00",,
MS-T-231-16 SANCARGO,记忆,16,,Spoon,TEA SPOON,600pcs/ctn,1CTNS,600pcs,0.026CBM,22.0KGS,22.0KGS,¥2.50,"¥1,500.00",,
MS-T-231-17 SANCARGO,记忆,17,,Knife,TABLE KNIFE,600pcs/ctn,1CTNS,600pcs,0.022CBM,35.0KGS,35.0KGS,¥3.40,"¥2,040.00",,
MS-T-231-18 SANCARGO,记忆,18,,Spoon,BIG SPOON,600pcs/ctn,1CTNS,600pcs,0.034CBM,28.0KGS,28.0KGS,¥3.00,"¥1,800.00",,
MS-T-231-19 SANCARGO,记忆,19,,Fork,BIG FORK,600pcs/ctn,1CTNS,600pcs,0.034CBM,26.0KGS,26.0KGS,¥3.00,"¥1,800.00",,
MS-T-231-20 SANCARGO,记忆,20,,Spoon,TEA SPOON,600pcs/ctn,1CTNS,600pcs,0.026CBM,22.0KGS,22.0KGS,¥2.60,"¥1,560.00",,
MARKS,SHOP#,"ITEM
NO.",DESCRIPTION OF GOODS,,,PACKING,T.CTN,T.QTY,T.CBM,"UNIT
WEIGHT",T.WEIGHT,U.PRICE (RMB),T.AMOUNT,,
MS-T-231-21 SANCARGO,记忆,21,,Knife,TABLE KNIFE,600pcs/ctn,1CTNS,600pcs,0.022CBM,35.0KGS,35.0KGS,¥3.80,"¥2,280.00",,
MS-T-232-2 SANCARGO,阳阳,2,,Ceramic plates,y-100,32pcs/ctn,5CTNS,160pcs,0.655CBM,30.0KGS,150.0KGS,¥5.50,¥880.00,,
MS-T-232-3 SANCARGO,阳阳,3,,Ceramic  tea pot,168-4450,24pcs/ctn,1CTNS,24pcs,0.071CBM,17.0KGS,17.0KGS,¥8.80,¥211.20,,
MS-T-232-4 SANCARGO,阳阳,4,,Ceramic  bowls,FF-788,48pcs/ctn,1CTNS,48pcs,0.045CBM,37.0KGS,37.0KGS,¥6.30,¥302.40,,
MS-T-232-5 SANCARGO,阳阳,5,,Ceramic plates,10美式盘,20pcs/ctn,6CTNS,120pcs,0.341CBM,37.0KGS,222.0KGS,¥4.60,¥552.00,,
MS-T-234-1 SANCARGO,乐宝,,,Ceramic tableware,,1pcs/ctn,5CTNS,5pcs,0.372CBM,20.4KGS,102.0KGS,¥275.00,"¥1,375.00",,
MS-T-234-2 SANCARGO,乐宝,,,Ceramic tableware,,1pcs/ctn,5CTNS,5pcs,0.372CBM,20.4KGS,102.0KGS,¥275.00,"¥1,375.00",,
MS-T-234-3 SANCARGO,乐宝,,,Ceramic tableware,,1pcs/ctn,5CTNS,5pcs,0.372CBM,20.4KGS,102.0KGS,¥275.00,"¥1,375.00",,
MS-T-234-4 SANCARGO,乐宝,,,Ceramic tableware,,2pcs/ctn,3CTNS,6pcs,0.268CBM,24.4KGS,73.2KGS,¥265.00,"¥1,590.00",,
MS-T-235-1 SANCARGO,星*,1,,Plastic Juice dispenser,,8pcs/ctn,3CTNS,24pcs,1.050CBM,24.0KGS,72.0KGS,¥88.00,"¥2,112.00",,
MS-T-235-2 SANCARGO,星*,2,,Plastic Juice dispenser,,4pcs/ctn,2CTNS,8pcs,0.700CBM,24.0KGS,48.0KGS,¥176.00,"¥1,408.00",,
MS-T-235-3 SANCARGO,星*,3,,Grill net,,30pcs/ctn,2CTNS,60pcs,0.320CBM,22.0KGS,44.0KGS,¥16.00,¥960.00,,
MS-T-235-5 SANCARGO,星*,5,,Cook jiuao,,4pcs/ctn,3CTNS,12pcs,0.330CBM,22.0KGS,66.0KGS,¥98.00,"¥1,176.00",,
,,,,,,,1042CTNS,,70.125CBM,,23183.0KGS,,"¥327,239.30",,
GOODS LEFT IN SANCARGO,,,,,,,,,,,,,,,
MS-T-224-1 SANCARGO,明路,3,,Ceramic  coffee  set,ML1219,8pcs/ctn,2CTNS,16pcs,0.657CBM,41.2KGS,82.4KGS,¥112.00,"¥1,792.00",,
MARKS,SHOP#,"ITEM
NO.",DESCRIPTION OF GOODS,,,PACKING,T.CTN,T.QTY,T.CBM,"UNIT
WEIGHT",T.WEIGHT,U.PRICE (RMB),T.AMOUNT,,
MS-T-212-3 SANCARGO,盈隽金属,3,,Cookware,2.5L 16cm 18cm 20cm 24cm 24cm,2pcs/ctn,5CTNS,10pcs,0.384CBM,16.5KGS,82.5KGS,¥189.00,"¥1,890.00",,
MS-T-212-1 SANCARGO,盈隽金属,1,,Cookware,"18*10.5CM
20*11.5CM
24*13.5CM",2pcs/ctn,5CTNS,10pcs,0.325CBM,15.8KGS,79.0KGS,¥156.00,"¥1,560.00",,
MS-T-213-2 SANCARGO,盈隽金属,5,,Cookware,"18*10.5CM 24*7CM
24*13.5CM
26*14.5CM",2pcs/ctn,2CTNS,4pcs,0.151CBM,17.5KGS,35.0KGS,¥161.00,¥644.00,,
MS-T-213-1 SANCARGO,盈隽金属,4,,Cookware,"18*10.5CM
20*11.5CM
24*13.5CM",2pcs/ctn,9CTNS,18pcs,0.585CBM,15.8KGS,142.2KGS,¥156.00,"¥2,808.00",,
,,,,,,,23CTNS,,2.1010CBM,,421.1KGS,,"¥8,694.00",,
TOTAL WEIGHT,,,,23183,KGS,,,,,,,,,,
TOTAL CBM,,,,70.1,CBM,,,,,,,,,,
TOTAL CARTON,,,,1042,CTN,,,,,,,,,,
TOTAL COST,,,,"￥327,239",RMB,"$48,123",USD,,,,,,,,
13/02/2026 PAYMENT,,,,,,"$10,000",USD,,,,,,,,
GOODS BALANCE,,,,,,"$38,123",USD,,,,,,,,
CREDIT SUPPORT TO MOMBASA,,,,,,$762,USD,,,,,,,,
PIVOC,,,,,,$750,USD,,,,,,,,
YIWU-MOMBASA FREIGHT,,,,,,"$5,200",USD,,,,,,,,
TOTAL BALANCE,,,,,,"$44,836",USD,,,EXCHANGE RATE,,¥6.80,,,
Balance Payment Terms and Conditions,,,,,,,,,,,,,,,
"if outstanding balance is not paid within Five days(5)days after vessel arrival Mombasa, a 0.2% per day payment delay surcharge will be  charged",,,,,,,,,,,,,,,
"if outstanding balance is not paid within fifteen days(15)days after vessel arrival Mombasa, a 0.3% per day payment delay surcharge will be charged",,,,,,,,,,,,,,,
09/04/2026 PAYMENT,,,,,,"$10,451",USD,,,,,,,,
10/04/2026 PAYMENT,,,,,,33555,USD,,,,,,,,
CURRENT,,,,,,829.895,USD,,,,,,,,
